,dataset,context,function,algorithm,parameter k,DB,RMSSTD,RS,XB,calinski_harabaz_score,cohesion,separation,silhouette_score
0,BDG-DGS,weekday,median,hierarchical,2,0.91,0.68,0.42,0.32,478.67,7140.88,5266.7,0.4
1,BDG-DGS,weekday,median,hierarchical,3,0.98,0.56,0.6,0.23,486.61,4959.28,7448.3,0.42
2,BDG-DGS,weekday,median,hierarchical,4,1.13,0.5,0.69,0.39,487.47,3805.66,8601.92,0.39
3,BDG-DGS,weekday,median,hierarchical,5,1.21,0.47,0.73,0.55,435.92,3354.11,9053.47,0.35
4,BDG-DGS,weekday,median,hierarchical,6,1.2,0.44,0.75,0.5,397.53,3039.86,9367.72,0.36
5,BDG-DGS,weekday,median,hierarchical,7,1.23,0.43,0.77,0.62,369.34,2793.84,9613.74,0.37
6,BDG-DGS,weekday,median,hierarchical,8,1.32,0.41,0.79,0.58,346.53,2599.83,9807.76,0.37
7,BDG-DGS,weekday,median,hierarchical,9,1.42,0.4,0.8,1.72,319.7,2489.58,9918.0,0.22
8,BDG-DGS,weekday,median,hierarchical,10,1.47,0.39,0.81,1.65,298.85,2387.91,10019.67,0.2
