,dataset,context,function,algorithm,parameter k,DB,RMSSTD,RS,XB,calinski_harabaz_score,cohesion,separation,silhouette_score
0,BDG-DGS,fullweek,average,kmeans,2,0.89,0.62,0.51,0.24,708.74,6281.13,6489.36,0.47
1,BDG-DGS,fullweek,average,kmeans,3,0.92,0.51,0.66,0.2,678.01,4286.01,8484.48,0.47
2,BDG-DGS,fullweek,average,kmeans,4,1.03,0.46,0.73,0.32,621.27,3428.45,9342.04,0.42
3,BDG-DGS,fullweek,average,kmeans,5,1.19,0.43,0.76,0.47,543.24,3054.07,9716.43,0.37
4,BDG-DGS,fullweek,average,kmeans,6,1.12,0.41,0.78,0.4,497.11,2749.58,10020.91,0.36
5,BDG-DGS,fullweek,average,kmeans,7,1.12,0.39,0.81,0.37,475.75,2459.84,10310.65,0.36
6,BDG-DGS,fullweek,average,kmeans,8,1.29,0.38,0.82,1.71,435.07,2330.93,10439.56,0.24
7,BDG-DGS,fullweek,average,kmeans,9,1.27,0.37,0.83,1.55,414.26,2171.54,10598.95,0.25
8,BDG-DGS,fullweek,average,kmeans,10,1.32,0.36,0.84,1.56,386.24,2084.28,10686.22,0.22
