,dataset,context,function,algorithm,parameter k,DB,RMSSTD,RS,XB,calinski_harabaz_score,cohesion,separation,silhouette_score
0,BDG-DGS,fullweek,median,kmeans,2,0.93,0.65,0.49,0.26,615.02,6476.88,6147.25,0.45
1,BDG-DGS,fullweek,median,kmeans,3,0.96,0.54,0.64,0.22,573.8,4551.34,8072.8,0.46
2,BDG-DGS,fullweek,median,kmeans,4,1.09,0.49,0.71,0.36,525.55,3669.14,8955.0,0.4
3,BDG-DGS,fullweek,median,kmeans,5,1.14,0.46,0.74,0.4,464.48,3253.23,9370.91,0.39
4,BDG-DGS,fullweek,median,kmeans,6,1.22,0.44,0.77,0.43,422.46,2949.59,9674.54,0.37
5,BDG-DGS,fullweek,median,kmeans,7,1.17,0.42,0.79,0.4,398.96,2673.01,9951.12,0.35
6,BDG-DGS,fullweek,median,kmeans,8,1.19,0.4,0.8,0.4,375.08,2480.34,10143.79,0.36
7,BDG-DGS,fullweek,median,kmeans,9,1.33,0.39,0.81,1.48,352.12,2340.14,10284.0,0.26
8,BDG-DGS,fullweek,median,kmeans,10,1.34,0.38,0.82,1.34,330.98,2232.63,10391.51,0.24
