,dataset,context,function,algorithm,parameter k,DB,RMSSTD,RS,XB,calinski_harabaz_score,cohesion,separation,silhouette_score
0,BDG-DGS,weekday,average,kshape,2,1.27,0.78,0.2,0.43,174.83,9936.88,2536.11,0.36
1,BDG-DGS,weekday,average,kshape,3,0.95,0.56,0.59,0.26,484.65,5160.29,7312.71,0.43
2,BDG-DGS,weekday,average,kshape,4,2.01,0.54,0.61,2.06,358.19,4847.1,7625.9,0.32
3,BDG-DGS,weekday,average,kshape,5,1.79,0.64,0.46,0.87,144.41,6753.09,5719.9,0.24
4,BDG-DGS,weekday,average,kshape,6,2.21,0.52,0.65,1.51,252.73,4367.9,8105.1,0.3
5,BDG-DGS,weekday,average,kshape,7,2.09,0.5,0.67,4.59,231.08,4104.39,8368.6,0.11
6,BDG-DGS,weekday,average,kshape,8,2.43,0.51,0.66,2.69,184.67,4295.37,8177.63,0.27
7,BDG-DGS,weekday,average,kshape,9,2.81,0.54,0.62,2.89,139.86,4706.35,7766.65,0.12
8,BDG-DGS,weekday,average,kshape,10,2.47,0.52,0.65,3.22,137.68,4407.02,8065.98,0.15
