,dataset,context,function,algorithm,parameter k,DB,RMSSTD,RS,XB,calinski_harabaz_score,cohesion,separation,silhouette_score
0,BDG-DGS,weekday,average,kmeans,2,0.9,0.61,0.5,0.25,690.8,6210.2,6262.8,0.47
1,BDG-DGS,weekday,average,kmeans,3,0.89,0.51,0.66,0.18,675.62,4191.92,8281.08,0.48
2,BDG-DGS,weekday,average,kmeans,4,1.03,0.45,0.73,0.34,626.46,3324.67,9148.33,0.43
3,BDG-DGS,weekday,average,kmeans,5,1.14,0.42,0.76,0.45,550.63,2949.03,9523.97,0.39
4,BDG-DGS,weekday,average,kmeans,6,1.11,0.4,0.79,0.37,498.38,2677.09,9795.9,0.37
5,BDG-DGS,weekday,average,kmeans,7,1.17,0.39,0.81,0.33,469.07,2427.18,10045.82,0.38
6,BDG-DGS,weekday,average,kmeans,8,1.17,0.37,0.82,0.35,434.96,2274.38,10198.62,0.38
7,BDG-DGS,weekday,average,kmeans,9,1.34,0.36,0.83,1.65,407.72,2146.49,10326.51,0.25
8,BDG-DGS,weekday,average,kmeans,10,1.36,0.35,0.84,1.54,383.81,2043.95,10429.05,0.24
