,dataset,context,function,algorithm,parameter k,DB,RMSSTD,RS,XB,calinski_harabaz_score,cohesion,separation,silhouette_score
0,BDG-DGS,weekday,median,kshape,2,5.72,0.88,0.03,8.67,18.65,12061.0,346.58,0.05
1,BDG-DGS,weekday,median,kshape,3,1.7,0.7,0.39,0.68,205.59,7590.83,4816.75,0.24
2,BDG-DGS,weekday,median,kshape,4,1.91,0.57,0.59,1.56,308.69,5103.19,7304.4,0.31
3,BDG-DGS,weekday,median,kshape,5,2.01,0.59,0.57,1.55,214.99,5322.4,7085.18,0.31
4,BDG-DGS,weekday,median,kshape,6,2.36,0.6,0.56,1.81,162.02,5499.92,6907.66,0.12
5,BDG-DGS,weekday,median,kshape,7,2.83,0.57,0.6,5.78,158.67,5006.43,7401.16,0.11
6,BDG-DGS,weekday,median,kshape,8,2.87,0.56,0.61,5.77,146.16,4788.37,7619.22,0.12
7,BDG-DGS,weekday,median,kshape,9,2.29,0.54,0.64,6.3,140.28,4515.09,7892.5,0.07
8,BDG-DGS,weekday,median,kshape,10,3.84,0.58,0.59,12.58,101.16,5126.3,7281.28,0.05
