,dataset,context,function,algorithm,parameter k,DB,RMSSTD,RS,XB,calinski_harabaz_score,cohesion,separation,silhouette_score
0,BDG-DGS,weekend,median,hierarchical,2,1.32,0.79,0.35,0.47,343.67,9644.02,5114.77,0.32
1,BDG-DGS,weekend,median,hierarchical,3,1.37,0.71,0.48,0.54,294.13,7730.35,7028.43,0.27
2,BDG-DGS,weekend,median,hierarchical,4,1.38,0.64,0.56,0.49,277.63,6446.82,8311.96,0.27
3,BDG-DGS,weekend,median,hierarchical,5,1.48,0.62,0.6,0.84,239.63,5936.58,8822.2,0.21
4,BDG-DGS,weekend,median,hierarchical,6,1.5,0.59,0.63,0.77,218.99,5465.81,9292.97,0.22
5,BDG-DGS,weekend,median,hierarchical,7,1.44,0.58,0.65,0.74,195.61,5223.77,9535.01,0.21
6,BDG-DGS,weekend,median,hierarchical,8,1.56,0.57,0.66,1.46,179.49,4991.08,9767.7,0.15
7,BDG-DGS,weekend,median,hierarchical,9,1.71,0.56,0.68,1.39,167.83,4769.19,9989.59,0.15
8,BDG-DGS,weekend,median,hierarchical,10,1.67,0.54,0.69,1.33,159.01,4560.78,10198.0,0.15
