,dataset,context,function,algorithm,parameter k,DB,RMSSTD,RS,XB,calinski_harabaz_score,cohesion,separation,silhouette_score
0,BDG-DGS,weekend,average,hierarchical,2,1.13,0.75,0.4,0.37,463.88,9202.13,6222.6,0.37
1,BDG-DGS,weekend,average,hierarchical,3,1.15,0.65,0.55,0.41,417.16,6954.43,8470.3,0.34
2,BDG-DGS,weekend,average,hierarchical,4,1.37,0.61,0.6,0.9,343.45,6154.27,9270.46,0.24
3,BDG-DGS,weekend,average,hierarchical,5,1.36,0.57,0.65,0.79,316.23,5408.39,10016.34,0.22
4,BDG-DGS,weekend,average,hierarchical,6,1.43,0.55,0.68,0.72,290.13,4932.69,10492.04,0.2
5,BDG-DGS,weekend,average,hierarchical,7,1.55,0.53,0.7,1.04,269.78,4567.72,10857.01,0.19
6,BDG-DGS,weekend,average,hierarchical,8,1.45,0.52,0.72,0.98,248.62,4333.6,11091.13,0.2
7,BDG-DGS,weekend,average,hierarchical,9,1.39,0.5,0.73,0.93,234.23,4102.7,11322.03,0.21
8,BDG-DGS,weekend,average,hierarchical,10,1.49,0.49,0.75,0.89,220.75,3924.53,11500.2,0.21
