,dataset,context,function,algorithm,parameter k,DB,RMSSTD,RS,XB,calinski_harabaz_score,cohesion,separation,silhouette_score
0,BDG-DGS,weekday,median,kmeans,2,0.92,0.64,0.49,0.26,613.8,6376.71,6030.87,0.45
1,BDG-DGS,weekday,median,kmeans,3,0.91,0.54,0.64,0.21,572.22,4485.56,7922.03,0.46
2,BDG-DGS,weekday,median,kmeans,4,1.09,0.48,0.71,0.24,528.62,3595.27,8812.32,0.41
3,BDG-DGS,weekday,median,kmeans,5,1.17,0.45,0.74,0.38,467.04,3188.08,9219.5,0.4
4,BDG-DGS,weekday,median,kmeans,6,1.2,0.43,0.77,0.44,424.67,2890.83,9516.75,0.38
5,BDG-DGS,weekday,median,kmeans,7,1.18,0.41,0.79,0.39,396.45,2643.51,9764.07,0.36
6,BDG-DGS,weekday,median,kmeans,8,1.21,0.4,0.8,0.42,370.48,2465.16,9942.42,0.38
7,BDG-DGS,weekday,median,kmeans,9,1.35,0.39,0.81,1.73,345.95,2336.27,10071.32,0.25
8,BDG-DGS,weekday,median,kmeans,10,1.38,0.38,0.82,1.42,324.26,2234.47,10173.12,0.24
