,dataset,context,function,algorithm,parameter k,DB,RMSSTD,RS,XB,calinski_harabaz_score,cohesion,separation,silhouette_score
0,BDG-DGS,weekend,average,kshape,2,1.67,0.84,0.24,0.72,215.64,11735.67,3689.06,0.26
1,BDG-DGS,weekend,average,kshape,3,1.61,0.77,0.37,0.72,202.1,9700.69,5724.04,0.22
2,BDG-DGS,weekend,average,kshape,4,2.22,0.71,0.46,1.4,191.76,8378.3,7046.43,0.22
3,BDG-DGS,weekend,average,kshape,5,2.63,0.71,0.47,3.83,148.82,8241.71,7183.02,0.11
4,BDG-DGS,weekend,average,kshape,6,2.83,0.71,0.47,3.54,119.3,8228.08,7196.65,0.09
5,BDG-DGS,weekend,average,kshape,7,4.16,0.73,0.43,7.4,86.69,8745.09,6679.64,0.07
6,BDG-DGS,weekend,average,kshape,8,3.63,0.66,0.54,7.67,115.37,7050.72,8374.02,0.11
7,BDG-DGS,weekend,average,kshape,9,2.59,0.62,0.6,2.7,126.75,6186.3,9238.43,0.13
8,BDG-DGS,weekend,average,kshape,10,3.23,0.63,0.58,4.65,102.54,6532.84,8891.89,0.1
