,dataset,context,function,algorithm,parameter k,DB,RMSSTD,RS,XB,calinski_harabaz_score,cohesion,separation,silhouette_score
0,BDG-DGS,fullweek,median,kshape,2,1.58,0.82,0.18,0.65,140.38,10376.23,2247.9,0.28
1,BDG-DGS,fullweek,median,kshape,3,1.55,0.74,0.32,0.92,150.75,8611.37,4012.76,0.2
2,BDG-DGS,fullweek,median,kshape,4,1.82,0.6,0.56,1.45,277.58,5514.99,7109.14,0.28
3,BDG-DGS,fullweek,median,kshape,5,1.84,0.58,0.59,1.12,232.29,5172.68,7451.45,0.26
4,BDG-DGS,fullweek,median,kshape,6,1.92,0.6,0.56,3.6,165.9,5517.37,7106.77,0.1
5,BDG-DGS,fullweek,median,kshape,7,2.57,0.61,0.55,2.41,129.25,5722.39,6901.74,0.17
6,BDG-DGS,fullweek,median,kshape,8,3.28,0.61,0.55,4.19,111.78,5689.77,6934.36,0.02
7,BDG-DGS,fullweek,median,kshape,9,2.38,0.54,0.65,4.2,147.64,4440.95,8183.18,0.13
8,BDG-DGS,fullweek,median,kshape,10,3.27,0.57,0.61,10.81,109.75,4963.51,7660.62,0.18
