,dataset,context,function,algorithm,parameter k,DB,RMSSTD,RS,XB,calinski_harabaz_score,cohesion,separation,silhouette_score
0,BDG-DGS,weekend,average,kmeans,2,1.1,0.74,0.42,0.34,501.22,8912.7,6512.04,0.38
1,BDG-DGS,weekend,average,kmeans,3,1.12,0.63,0.57,0.36,461.44,6571.32,8853.42,0.36
2,BDG-DGS,weekend,average,kmeans,4,1.15,0.58,0.64,0.35,406.45,5543.09,9881.64,0.34
3,BDG-DGS,weekend,average,kmeans,5,1.29,0.55,0.68,0.59,360.27,4959.88,10464.85,0.27
4,BDG-DGS,weekend,average,kmeans,6,1.29,0.52,0.71,0.65,330.62,4505.05,10919.69,0.26
5,BDG-DGS,weekend,average,kmeans,7,1.33,0.51,0.73,0.66,301.91,4214.4,11210.33,0.23
6,BDG-DGS,weekend,average,kmeans,8,1.3,0.49,0.74,0.64,279.2,3981.49,11443.24,0.24
7,BDG-DGS,weekend,average,kmeans,9,1.34,0.48,0.76,0.65,262.74,3766.14,11658.6,0.24
8,BDG-DGS,weekend,average,kmeans,10,1.42,0.47,0.77,0.63,248.26,3590.93,11833.8,0.25
