,dataset,context,function,algorithm,parameter k,DB,RMSSTD,RS,XB,calinski_harabaz_score,cohesion,separation,silhouette_score
0,BDG-DGS,weekday,average,hierarchical,2,0.89,0.66,0.43,0.32,517.13,7107.36,5365.63,0.41
1,BDG-DGS,weekday,average,hierarchical,3,0.9,0.54,0.62,0.22,558.39,4737.71,7735.29,0.44
2,BDG-DGS,weekday,average,hierarchical,4,1.04,0.47,0.7,0.36,541.05,3694.06,8778.93,0.38
3,BDG-DGS,weekday,average,hierarchical,5,1.23,0.44,0.74,0.51,488.56,3226.77,9246.23,0.4
4,BDG-DGS,weekday,average,hierarchical,6,1.17,0.42,0.77,0.49,452.98,2883.36,9589.64,0.35
5,BDG-DGS,weekday,average,hierarchical,7,1.17,0.4,0.79,0.45,417.72,2661.89,9811.1,0.36
6,BDG-DGS,weekday,average,hierarchical,8,1.13,0.39,0.8,0.41,398.61,2441.17,10031.82,0.36
7,BDG-DGS,weekday,average,hierarchical,9,1.16,0.38,0.81,0.66,372.24,2313.15,10159.84,0.35
8,BDG-DGS,weekday,average,hierarchical,10,1.27,0.37,0.82,0.63,350.51,2203.83,10269.16,0.34
