,dataset,context,function,algorithm,parameter k,DB,RMSSTD,RS,XB,calinski_harabaz_score,cohesion,separation,silhouette_score
0,BDG-DGS,fullweek,median,hierarchical,2,0.92,0.68,0.43,0.32,482.87,7233.77,5390.37,0.4
1,BDG-DGS,fullweek,median,hierarchical,3,1.03,0.57,0.6,0.25,494.01,4995.54,7628.59,0.41
2,BDG-DGS,fullweek,median,hierarchical,4,1.13,0.5,0.69,0.39,478.54,3917.72,8706.42,0.37
3,BDG-DGS,fullweek,median,hierarchical,5,1.21,0.47,0.73,0.49,430.16,3442.04,9182.1,0.37
4,BDG-DGS,fullweek,median,hierarchical,6,1.18,0.45,0.76,0.44,397.4,3090.05,9534.08,0.38
5,BDG-DGS,fullweek,median,hierarchical,7,1.26,0.43,0.77,0.43,361.12,2888.99,9735.14,0.37
6,BDG-DGS,fullweek,median,hierarchical,8,1.25,0.42,0.78,0.43,334.02,2719.57,9904.56,0.37
7,BDG-DGS,fullweek,median,hierarchical,9,1.37,0.41,0.8,1.53,315.21,2558.63,10065.51,0.22
8,BDG-DGS,fullweek,median,hierarchical,10,1.34,0.4,0.81,1.43,302.75,2401.21,10222.92,0.21
