,dataset,context,function,algorithm,parameter k,DB,RMSSTD,RS,XB,calinski_harabaz_score,cohesion,separation,silhouette_score
0,BDG-DGS,weekend,median,kshape,2,1.73,0.86,0.23,0.79,189.37,11421.14,3337.64,0.23
1,BDG-DGS,weekend,median,kshape,3,2.77,0.83,0.28,2.47,127.58,10584.61,4174.17,0.15
2,BDG-DGS,weekend,median,kshape,4,3.18,0.8,0.32,3.32,102.58,9996.47,4762.32,0.11
3,BDG-DGS,weekend,median,kshape,5,2.33,0.72,0.46,1.86,139.07,7924.41,6834.38,0.11
4,BDG-DGS,weekend,median,kshape,6,2.95,0.74,0.43,3.14,97.17,8412.37,6346.41,0.03
5,BDG-DGS,weekend,median,kshape,7,2.68,0.68,0.52,1.72,116.85,7060.42,7698.36,0.11
6,BDG-DGS,weekend,median,kshape,8,3.6,0.7,0.48,8.86,86.22,7607.08,7151.7,0.04
7,BDG-DGS,weekend,median,kshape,9,3.48,0.66,0.54,7.17,93.8,6799.07,7959.72,0.07
8,BDG-DGS,weekend,median,kshape,10,3.32,0.67,0.53,4.41,78.85,6998.34,7760.44,-0.01
