,dataset,context,function,algorithm,parameter k,DB,RMSSTD,RS,XB,calinski_harabaz_score,cohesion,separation,silhouette_score
0,BDG-DGS,fullweek,average,kshape,2,1.85,0.81,0.15,0.78,121.09,10854.48,1916.01,0.28
1,BDG-DGS,fullweek,average,kshape,3,2.87,0.78,0.21,3.06,92.96,10044.34,2726.16,0.28
2,BDG-DGS,fullweek,average,kshape,4,3.06,0.75,0.28,5.33,89.99,9156.48,3614.01,0.05
3,BDG-DGS,fullweek,average,kshape,5,2.15,0.59,0.55,1.8,210.17,5724.44,7046.05,0.15
4,BDG-DGS,fullweek,average,kshape,6,3.39,0.57,0.58,4.11,186.28,5398.17,7372.32,0.25
5,BDG-DGS,fullweek,average,kshape,7,2.31,0.57,0.58,2.22,156.84,5361.59,7408.9,0.25
6,BDG-DGS,fullweek,average,kshape,8,3.26,0.51,0.67,4.44,194.03,4260.5,8509.99,0.26
7,BDG-DGS,fullweek,average,kshape,9,2.94,0.52,0.66,7.24,161.24,4403.97,8366.52,0.17
8,BDG-DGS,fullweek,average,kshape,10,3.41,0.52,0.65,4.79,139.54,4477.18,8293.31,0.26
