,dataset,context,function,algorithm,parameter k,DB,RMSSTD,RS,XB,calinski_harabaz_score,cohesion,separation,silhouette_score
0,BDG-DGS,fullweek,average,hierarchical,2,0.88,0.66,0.44,0.3,545.69,7112.63,5657.86,0.42
1,BDG-DGS,fullweek,average,hierarchical,3,0.95,0.54,0.63,0.22,575.62,4763.95,8006.54,0.44
2,BDG-DGS,fullweek,average,hierarchical,4,1.05,0.48,0.7,0.38,532.9,3826.61,8943.88,0.38
3,BDG-DGS,fullweek,average,hierarchical,5,1.23,0.45,0.74,0.54,474.82,3377.75,9392.75,0.39
4,BDG-DGS,fullweek,average,hierarchical,6,1.17,0.43,0.76,0.47,438.02,3032.47,9738.03,0.34
5,BDG-DGS,fullweek,average,hierarchical,7,1.15,0.41,0.79,0.42,423.33,2700.01,10070.48,0.35
6,BDG-DGS,fullweek,average,hierarchical,8,1.17,0.39,0.8,0.4,399.24,2499.21,10271.28,0.36
7,BDG-DGS,fullweek,average,hierarchical,9,1.29,0.38,0.81,0.38,371.83,2373.3,10397.2,0.36
8,BDG-DGS,fullweek,average,hierarchical,10,1.43,0.37,0.82,1.91,351.59,2253.41,10517.08,0.22
