,dataset,context,function,algorithm,parameter k,DB,RMSSTD,RS,XB,calinski_harabaz_score,cohesion,separation,silhouette_score
0,BDG-DGS,weekend,median,kmeans,2,1.16,0.76,0.39,0.38,421.94,8938.56,5820.22,0.36
1,BDG-DGS,weekend,median,kmeans,3,1.23,0.67,0.53,0.44,371.35,6871.24,7887.55,0.32
2,BDG-DGS,weekend,median,kmeans,4,1.31,0.62,0.59,0.49,315.88,5982.67,8776.11,0.3
3,BDG-DGS,weekend,median,kmeans,5,1.46,0.59,0.63,0.75,273.99,5467.95,9290.83,0.23
4,BDG-DGS,weekend,median,kmeans,6,1.44,0.57,0.66,0.71,248.47,5038.62,9720.16,0.23
5,BDG-DGS,weekend,median,kmeans,7,1.52,0.56,0.68,0.8,225.48,4754.8,10003.98,0.19
6,BDG-DGS,weekend,median,kmeans,8,1.44,0.54,0.69,0.8,207.35,4526.05,10232.73,0.2
7,BDG-DGS,weekend,median,kmeans,9,1.58,0.53,0.71,0.76,193.88,4315.78,10443.0,0.21
8,BDG-DGS,weekend,median,kmeans,10,1.62,0.52,0.72,0.99,180.04,4178.83,10579.96,0.18
