,dataset,context,function,algorithm,parameter k,DB,RMSSTD,RS,XB,calinski_harabaz_score,cohesion,separation,silhouette_score
0,BDG,weekend,median,hierarchical,2,1.6,0.82,0.25,0.64,119.48,5841.21,1906.81,0.29
1,BDG,weekend,median,hierarchical,3,1.29,0.7,0.44,0.49,143.88,4332.36,3415.66,0.26
2,BDG,weekend,median,hierarchical,4,1.34,0.64,0.54,0.49,140.34,3592.61,4155.41,0.26
3,BDG,weekend,median,hierarchical,5,1.47,0.61,0.58,0.99,125.46,3252.07,4495.95,0.19
4,BDG,weekend,median,hierarchical,6,1.45,0.59,0.61,0.91,115.07,2992.28,4755.74,0.17
5,BDG,weekend,median,hierarchical,7,1.55,0.58,0.63,1.36,102.47,2866.38,4881.65,0.15
6,BDG,weekend,median,hierarchical,8,1.86,0.56,0.65,1.3,93.85,2742.81,5005.22,0.15
7,BDG,weekend,median,hierarchical,9,1.84,0.55,0.66,1.25,86.84,2639.67,5108.35,0.15
8,BDG,weekend,median,hierarchical,10,1.87,0.55,0.67,1.45,80.67,2558.75,5189.28,0.14
