,dataset,context,function,algorithm,parameter k,DB,RMSSTD,RS,XB,calinski_harabaz_score,cohesion,separation,silhouette_score
0,BDG,weekend,median,kshape,2,1.68,0.82,0.24,0.77,118.54,5852.55,1895.47,0.24
1,BDG,weekend,median,kshape,3,1.42,0.76,0.35,0.64,98.49,5032.22,2715.81,0.2
2,BDG,weekend,median,kshape,4,3.11,0.76,0.36,3.0,67.24,4985.23,2762.79,0.16
3,BDG,weekend,median,kshape,5,2.84,0.73,0.4,1.83,61.49,4618.56,3129.46,0.15
4,BDG,weekend,median,kshape,6,2.76,0.7,0.45,3.93,58.89,4272.63,3475.39,0.07
5,BDG,weekend,median,kshape,7,2.84,0.7,0.46,4.3,50.34,4218.33,3529.7,0.03
6,BDG,weekend,median,kshape,8,3.6,0.71,0.44,5.33,40.89,4316.18,3431.85,0.02
7,BDG,weekend,median,kshape,9,3.12,0.68,0.49,2.25,42.65,3972.49,3775.53,0.08
8,BDG,weekend,median,kshape,10,2.8,0.68,0.49,2.96,38.14,3955.6,3792.42,-0.0
