,dataset,context,function,algorithm,parameter k,DB,RMSSTD,RS,XB,calinski_harabaz_score,cohesion,separation,silhouette_score
0,BDG,fullweek,median,kmeans,2,0.7,0.6,0.56,0.19,464.66,3209.84,4075.11,0.53
1,BDG,fullweek,median,kmeans,3,0.75,0.46,0.74,0.15,523.66,1882.72,5402.24,0.54
2,BDG,fullweek,median,kmeans,4,0.8,0.39,0.82,0.26,558.57,1300.04,5984.91,0.5
3,BDG,fullweek,median,kmeans,5,0.94,0.37,0.84,0.26,473.28,1172.11,6112.84,0.48
4,BDG,fullweek,median,kmeans,6,1.14,0.35,0.85,0.73,416.39,1079.06,6205.9,0.35
5,BDG,fullweek,median,kmeans,7,1.32,0.34,0.86,0.98,372.39,1013.31,6271.65,0.26
6,BDG,fullweek,median,kmeans,8,1.39,0.33,0.87,0.86,348.42,936.98,6347.97,0.27
7,BDG,fullweek,median,kmeans,9,1.4,0.32,0.88,0.9,324.23,885.7,6399.26,0.24
8,BDG,fullweek,median,kmeans,10,1.43,0.31,0.88,0.88,303.0,845.38,6439.57,0.24
