,dataset,context,function,algorithm,parameter k,DB,RMSSTD,RS,XB,calinski_harabaz_score,cohesion,separation,silhouette_score
0,BDG,fullweek,median,kshape,2,1.88,0.82,0.2,0.91,89.15,5858.05,1426.91,0.25
1,BDG,fullweek,median,kshape,3,0.82,0.53,0.66,0.2,354.6,2475.34,4809.62,0.48
2,BDG,fullweek,median,kshape,4,2.97,0.5,0.7,5.41,284.65,2177.21,5107.75,0.34
3,BDG,fullweek,median,kshape,5,1.95,0.51,0.69,3.35,202.92,2251.22,5033.73,0.42
4,BDG,fullweek,median,kshape,6,3.03,0.5,0.71,6.64,174.19,2138.9,5146.05,0.26
5,BDG,fullweek,median,kshape,7,2.4,0.47,0.74,2.65,171.88,1888.85,5396.1,0.11
6,BDG,fullweek,median,kshape,8,4.53,0.48,0.72,13.33,135.35,2005.84,5279.11,0.05
7,BDG,fullweek,median,kshape,9,2.75,0.47,0.74,4.26,126.27,1910.15,5374.8,0.24
8,BDG,fullweek,median,kshape,10,3.05,0.47,0.74,6.2,115.66,1864.33,5420.63,0.15
