,dataset,context,function,algorithm,parameter k,DB,RMSSTD,RS,XB,calinski_harabaz_score,cohesion,separation,silhouette_score
0,BDG,fullweek,average,kmeans,2,0.65,0.58,0.57,0.18,494.58,2997.97,4051.16,0.55
1,BDG,fullweek,average,kmeans,3,0.81,0.45,0.75,0.17,542.37,1774.76,5274.37,0.54
2,BDG,fullweek,average,kmeans,4,0.83,0.38,0.82,0.27,566.19,1244.02,5805.12,0.5
3,BDG,fullweek,average,kmeans,5,0.91,0.36,0.84,0.28,485.27,1110.58,5938.56,0.48
4,BDG,fullweek,average,kmeans,6,1.11,0.34,0.86,0.56,429.45,1016.95,6032.19,0.42
5,BDG,fullweek,average,kmeans,7,1.22,0.33,0.87,0.65,387.63,947.13,6102.0,0.41
6,BDG,fullweek,average,kmeans,8,1.35,0.32,0.87,0.82,358.13,885.18,6163.96,0.27
7,BDG,fullweek,average,kmeans,9,1.38,0.31,0.88,1.0,330.39,842.96,6206.18,0.25
8,BDG,fullweek,average,kmeans,10,1.34,0.3,0.89,1.06,311.1,799.12,6250.01,0.23
