,dataset,context,function,algorithm,parameter k,DB,RMSSTD,RS,XB,calinski_harabaz_score,cohesion,separation,silhouette_score
0,BDG,weekday,average,hierarchical,2,0.64,0.6,0.55,0.19,442.57,3128.53,3783.07,0.53
1,BDG,weekday,average,hierarchical,3,0.71,0.46,0.74,0.13,510.23,1820.88,5090.73,0.56
2,BDG,weekday,average,hierarchical,4,0.84,0.38,0.82,0.29,546.0,1256.66,5654.95,0.5
3,BDG,weekday,average,hierarchical,5,1.1,0.36,0.83,0.44,456.65,1145.83,5765.77,0.47
4,BDG,weekday,average,hierarchical,6,1.21,0.35,0.85,0.4,407.13,1043.51,5868.09,0.45
5,BDG,weekday,average,hierarchical,7,1.3,0.33,0.86,0.65,371.06,964.33,5947.28,0.42
6,BDG,weekday,average,hierarchical,8,1.17,0.32,0.87,0.62,338.3,912.05,5999.55,0.4
7,BDG,weekday,average,hierarchical,9,1.11,0.32,0.88,0.58,315.8,859.93,6051.68,0.41
8,BDG,weekday,average,hierarchical,10,1.22,0.31,0.88,0.84,298.89,811.78,6099.82,0.39
