,dataset,context,function,algorithm,parameter k,DB,RMSSTD,RS,XB,calinski_harabaz_score,cohesion,separation,silhouette_score
0,BDG,weekday,average,kshape,2,1.18,0.79,0.21,0.43,96.73,5466.74,1444.87,0.35
1,BDG,weekday,average,kshape,3,0.91,0.6,0.55,0.3,219.06,3141.17,3770.43,0.42
2,BDG,weekday,average,kshape,4,2.26,0.47,0.72,1.96,314.05,1926.14,4985.46,0.44
3,BDG,weekday,average,kshape,5,1.86,0.46,0.73,1.22,242.69,1881.07,5030.53,0.48
4,BDG,weekday,average,kshape,6,2.62,0.46,0.74,3.58,205.73,1799.14,5112.46,0.33
5,BDG,weekday,average,kshape,7,2.75,0.48,0.72,3.67,151.93,1960.67,4950.94,0.16
6,BDG,weekday,average,kshape,8,3.61,0.45,0.75,7.53,151.21,1754.17,5157.44,0.1
7,BDG,weekday,average,kshape,9,4.14,0.46,0.73,21.2,123.3,1844.23,5067.38,0.26
8,BDG,weekday,average,kshape,10,3.31,0.46,0.73,5.95,109.43,1842.65,5068.96,0.09
