,dataset,context,function,algorithm,parameter k,DB,RMSSTD,RS,XB,calinski_harabaz_score,cohesion,separation,silhouette_score
0,BDG,weekday,average,kmeans,2,0.65,0.58,0.57,0.18,475.83,3004.93,3906.68,0.54
1,BDG,weekday,average,kmeans,3,0.72,0.44,0.75,0.13,554.98,1710.37,5201.23,0.57
2,BDG,weekday,average,kmeans,4,0.81,0.37,0.83,0.28,583.45,1189.88,5721.72,0.52
3,BDG,weekday,average,kmeans,5,0.96,0.35,0.84,0.27,490.21,1079.63,5831.97,0.49
4,BDG,weekday,average,kmeans,6,1.22,0.34,0.86,0.64,431.9,992.26,5919.35,0.42
5,BDG,weekday,average,kmeans,7,1.29,0.33,0.87,0.62,393.34,916.96,5994.65,0.42
6,BDG,weekday,average,kmeans,8,1.4,0.32,0.88,1.42,360.67,862.54,6049.06,0.24
7,BDG,weekday,average,kmeans,9,1.34,0.31,0.88,1.35,335.29,815.85,6095.76,0.26
8,BDG,weekday,average,kmeans,10,1.33,0.3,0.89,1.25,321.64,760.7,6150.91,0.25
