,dataset,context,function,algorithm,parameter k,DB,RMSSTD,RS,XB,calinski_harabaz_score,cohesion,separation,silhouette_score
0,BDG,weekend,average,kshape,2,1.71,0.83,0.24,0.8,114.94,6001.48,1884.77,0.24
1,BDG,weekend,average,kshape,3,1.88,0.79,0.31,1.11,81.2,5457.89,2428.36,0.13
2,BDG,weekend,average,kshape,4,1.26,0.67,0.5,0.59,122.36,3926.48,3959.77,0.18
3,BDG,weekend,average,kshape,5,3.3,0.72,0.42,4.15,66.76,4543.61,3342.64,0.14
4,BDG,weekend,average,kshape,6,2.51,0.67,0.5,6.74,72.12,3950.79,3935.46,0.08
5,BDG,weekend,average,kshape,7,2.82,0.68,0.49,4.71,57.57,4030.08,3856.17,0.06
6,BDG,weekend,average,kshape,8,3.06,0.7,0.47,3.48,45.27,4194.27,3691.98,0.04
7,BDG,weekend,average,kshape,9,2.61,0.64,0.55,2.37,54.77,3551.66,4334.59,0.08
8,BDG,weekend,average,kshape,10,3.46,0.67,0.52,6.61,42.59,3808.27,4077.98,-0.01
