,dataset,context,function,algorithm,parameter k,DB,RMSSTD,RS,XB,calinski_harabaz_score,cohesion,separation,silhouette_score
0,BDG,weekend,median,kmeans,2,1.44,0.78,0.31,0.55,161.16,5379.33,2368.69,0.29
1,BDG,weekend,median,kmeans,3,1.16,0.67,0.49,0.45,175.55,3949.22,3798.81,0.3
2,BDG,weekend,median,kmeans,4,1.28,0.62,0.57,0.51,162.29,3314.54,4433.49,0.27
3,BDG,weekend,median,kmeans,5,1.37,0.59,0.61,0.65,141.34,3029.59,4718.43,0.22
4,BDG,weekend,median,kmeans,6,1.64,0.57,0.63,0.71,125.86,2829.46,4918.57,0.22
5,BDG,weekend,median,kmeans,7,1.61,0.56,0.66,0.89,114.41,2670.33,5077.69,0.2
6,BDG,weekend,median,kmeans,8,1.59,0.54,0.67,0.87,104.16,2561.1,5186.92,0.2
7,BDG,weekend,median,kmeans,9,1.69,0.54,0.68,1.57,95.3,2480.51,5267.52,0.17
8,BDG,weekend,median,kmeans,10,1.67,0.53,0.69,1.12,89.39,2386.02,5362.01,0.18
