,dataset,context,function,algorithm,parameter k,DB,RMSSTD,RS,XB,calinski_harabaz_score,cohesion,separation,silhouette_score
0,BDG,weekend,average,hierarchical,2,1.28,0.8,0.3,0.46,153.51,5555.98,2330.27,0.33
1,BDG,weekend,average,hierarchical,3,1.1,0.66,0.51,0.42,189.11,3873.01,4013.24,0.3
2,BDG,weekend,average,hierarchical,4,1.25,0.62,0.57,0.64,163.41,3360.43,4525.82,0.25
3,BDG,weekend,average,hierarchical,5,1.43,0.58,0.63,0.55,153.47,2930.42,4955.83,0.25
4,BDG,weekend,average,hierarchical,6,1.45,0.55,0.67,0.76,144.33,2634.49,5251.76,0.21
5,BDG,weekend,average,hierarchical,7,1.47,0.54,0.68,0.72,129.91,2496.31,5389.94,0.21
6,BDG,weekend,average,hierarchical,8,1.44,0.52,0.7,0.68,119.6,2371.4,5514.85,0.19
7,BDG,weekend,average,hierarchical,9,1.7,0.52,0.71,0.71,109.86,2287.1,5599.15,0.19
8,BDG,weekend,average,hierarchical,10,1.84,0.51,0.72,1.6,102.4,2206.42,5679.83,0.16
