,dataset,context,function,algorithm,parameter k,DB,RMSSTD,RS,XB,calinski_harabaz_score,cohesion,separation,silhouette_score
0,BDG,fullweek,average,hierarchical,2,0.64,0.59,0.56,0.18,469.87,3086.57,3962.56,0.54
1,BDG,fullweek,average,hierarchical,3,0.83,0.47,0.73,0.18,496.41,1894.91,5154.23,0.53
2,BDG,fullweek,average,hierarchical,4,0.86,0.4,0.8,0.31,500.78,1374.82,5674.32,0.48
3,BDG,fullweek,average,hierarchical,5,0.96,0.36,0.84,0.3,463.38,1154.44,5894.7,0.48
4,BDG,fullweek,average,hierarchical,6,1.22,0.35,0.85,0.67,407.93,1062.51,5986.62,0.43
5,BDG,fullweek,average,hierarchical,7,1.27,0.34,0.86,0.63,363.83,1000.3,6048.83,0.41
6,BDG,fullweek,average,hierarchical,8,1.31,0.33,0.87,0.93,332.62,943.95,6105.18,0.28
7,BDG,fullweek,average,hierarchical,9,1.2,0.32,0.87,0.87,309.66,892.24,6156.9,0.29
8,BDG,fullweek,average,hierarchical,10,1.25,0.31,0.88,0.82,293.77,840.65,6208.49,0.27
