,dataset,context,function,algorithm,parameter k,DB,RMSSTD,RS,XB,calinski_harabaz_score,cohesion,separation,silhouette_score
0,BDG,fullweek,average,kshape,2,1.22,0.8,0.2,0.46,93.88,5610.08,1439.05,0.34
1,BDG,fullweek,average,kshape,3,0.84,0.56,0.61,0.22,284.54,2754.52,4294.62,0.46
2,BDG,fullweek,average,kshape,4,2.09,0.48,0.72,1.62,309.67,1984.41,5064.72,0.44
3,BDG,fullweek,average,kshape,5,2.35,0.49,0.7,2.66,216.82,2079.9,4969.23,0.43
4,BDG,fullweek,average,kshape,6,2.05,0.45,0.75,2.25,214.72,1777.53,5271.6,0.28
5,BDG,fullweek,average,kshape,7,3.27,0.46,0.73,4.25,166.8,1868.69,5180.45,0.17
6,BDG,fullweek,average,kshape,8,4.38,0.45,0.75,15.93,154.93,1756.81,5292.32,0.1
7,BDG,fullweek,average,kshape,9,3.29,0.47,0.73,5.82,121.25,1904.21,5144.92,0.07
8,BDG,fullweek,average,kshape,10,3.25,0.44,0.77,9.32,131.45,1637.56,5411.58,0.07
