,dataset,context,function,algorithm,parameter k,DB,RMSSTD,RS,XB,calinski_harabaz_score,cohesion,separation,silhouette_score
0,BDG,weekday,median,kmeans,2,0.68,0.6,0.56,0.19,462.36,3164.61,3997.81,0.53
1,BDG,weekday,median,kmeans,3,0.73,0.46,0.74,0.14,530.74,1832.68,5329.74,0.55
2,BDG,weekday,median,kmeans,4,0.81,0.38,0.82,0.27,569.57,1257.83,5904.6,0.51
3,BDG,weekday,median,kmeans,5,0.99,0.37,0.84,0.29,468.65,1161.94,6000.49,0.49
4,BDG,weekday,median,kmeans,6,1.19,0.35,0.85,0.61,411.16,1072.38,6090.05,0.43
5,BDG,weekday,median,kmeans,7,1.32,0.34,0.86,0.65,374.67,991.05,6171.38,0.41
6,BDG,weekday,median,kmeans,8,1.49,0.33,0.87,1.21,344.93,929.33,6233.09,0.24
7,BDG,weekday,median,kmeans,9,1.39,0.32,0.88,0.94,318.63,884.22,6278.21,0.27
8,BDG,weekday,median,kmeans,10,1.36,0.31,0.88,1.07,304.39,827.82,6334.6,0.24
