,dataset,context,function,algorithm,parameter k,DB,RMSSTD,RS,XB,calinski_harabaz_score,cohesion,separation,silhouette_score
0,BDG,weekday,median,kshape,2,1.97,0.82,0.18,0.99,79.03,5890.56,1271.86,0.24
1,BDG,weekday,median,kshape,3,0.83,0.55,0.63,0.21,310.16,2653.21,4509.21,0.48
2,BDG,weekday,median,kshape,4,1.36,0.49,0.7,0.57,288.6,2119.96,5042.47,0.43
3,BDG,weekday,median,kshape,5,1.97,0.47,0.73,1.45,249.18,1912.14,5250.28,0.48
4,BDG,weekday,median,kshape,6,2.24,0.45,0.75,3.62,218.85,1780.44,5381.99,0.29
5,BDG,weekday,median,kshape,7,2.77,0.47,0.74,3.25,167.96,1889.03,5273.39,0.1
6,BDG,weekday,median,kshape,8,4.75,0.46,0.74,20.78,147.52,1851.54,5310.89,0.09
7,BDG,weekday,median,kshape,9,3.97,0.47,0.74,5.26,125.95,1881.51,5280.91,0.08
8,BDG,weekday,median,kshape,10,4.22,0.48,0.73,10.6,105.15,1965.83,5196.59,0.23
