,dataset,context,function,algorithm,parameter k,DB,RMSSTD,RS,XB,calinski_harabaz_score,cohesion,separation,silhouette_score
0,BDG,weekend,average,kmeans,2,1.31,0.78,0.32,0.46,174.29,5342.26,2543.99,0.33
1,BDG,weekend,average,kmeans,3,1.1,0.65,0.53,0.26,207.42,3691.14,4195.11,0.33
2,BDG,weekend,average,kmeans,4,1.18,0.59,0.61,0.45,192.77,3046.33,4839.92,0.29
3,BDG,weekend,average,kmeans,5,1.29,0.56,0.65,0.61,171.11,2733.02,5153.22,0.25
4,BDG,weekend,average,kmeans,6,1.39,0.54,0.68,0.66,154.65,2514.69,5371.56,0.23
5,BDG,weekend,average,kmeans,7,1.49,0.52,0.7,0.62,140.7,2362.27,5523.98,0.22
6,BDG,weekend,average,kmeans,8,1.41,0.51,0.72,0.61,131.0,2223.25,5663.0,0.22
7,BDG,weekend,average,kmeans,9,1.52,0.5,0.73,0.63,118.36,2167.95,5718.3,0.22
8,BDG,weekend,average,kmeans,10,1.55,0.49,0.74,0.87,113.02,2053.05,5833.2,0.2
