,dataset,context,function,algorithm,parameter k,DB,RMSSTD,RS,XB,calinski_harabaz_score,cohesion,separation,silhouette_score
0,BDG,fullweek,median,hierarchical,2,0.68,0.61,0.55,0.19,444.29,3290.54,3994.41,0.52
1,BDG,fullweek,median,hierarchical,3,0.8,0.48,0.73,0.17,488.92,1980.15,5304.81,0.52
2,BDG,fullweek,median,hierarchical,4,0.85,0.4,0.81,0.3,509.72,1400.68,5884.27,0.48
3,BDG,fullweek,median,hierarchical,5,0.96,0.37,0.83,0.31,449.48,1223.76,6061.2,0.46
4,BDG,fullweek,median,hierarchical,6,1.11,0.36,0.84,0.75,390.84,1138.57,6146.39,0.41
5,BDG,fullweek,median,hierarchical,7,1.25,0.35,0.85,0.71,352.33,1062.57,6222.38,0.37
6,BDG,fullweek,median,hierarchical,8,1.31,0.34,0.86,0.77,327.34,989.14,6295.82,0.25
7,BDG,fullweek,median,hierarchical,9,1.37,0.33,0.87,0.72,305.57,932.84,6352.11,0.24
8,BDG,fullweek,median,hierarchical,10,1.31,0.32,0.88,0.68,289.19,880.89,6404.07,0.26
