,dataset,context,function,algorithm,parameter k,DB,RMSSTD,RS,XB,calinski_harabaz_score,cohesion,separation,silhouette_score
0,BDG,weekday,median,hierarchical,2,0.67,0.6,0.55,0.19,454.06,3196.67,3965.76,0.53
1,BDG,weekday,median,hierarchical,3,0.71,0.46,0.74,0.13,521.13,1857.71,5304.72,0.56
2,BDG,weekday,median,hierarchical,4,0.82,0.38,0.82,0.28,557.39,1280.41,5882.02,0.5
3,BDG,weekday,median,hierarchical,5,1.02,0.37,0.83,0.38,454.41,1192.3,5970.12,0.48
4,BDG,weekday,median,hierarchical,6,1.35,0.36,0.85,0.74,396.08,1106.91,6055.52,0.43
5,BDG,weekday,median,hierarchical,7,1.45,0.35,0.85,0.84,353.51,1041.73,6120.69,0.4
6,BDG,weekday,median,hierarchical,8,1.48,0.34,0.86,0.83,324.91,978.78,6183.65,0.26
7,BDG,weekday,median,hierarchical,9,1.37,0.33,0.87,0.79,303.66,922.19,6240.24,0.26
8,BDG,weekday,median,hierarchical,10,1.32,0.32,0.88,0.74,288.49,867.91,6294.52,0.27
