,dataset,context,function,algorithm,parameter k,DB,RMSSTD,RS,XB,calinski_harabaz_score,cohesion,separation,silhouette_score
0,DGS,weekend,average,kshape,2,1.96,0.78,0.16,0.86,59.01,4699.51,872.12,0.27
1,DGS,weekend,average,kshape,3,1.73,0.68,0.37,1.12,93.12,3509.67,2061.96,0.22
2,DGS,weekend,average,kshape,4,2.35,0.68,0.36,1.18,60.54,3538.01,2033.62,0.2
3,DGS,weekend,average,kshape,5,3.34,0.69,0.36,8.5,43.99,3574.89,1996.73,0.08
4,DGS,weekend,average,kshape,6,3.22,0.63,0.47,4.52,55.54,2956.75,2614.88,0.16
5,DGS,weekend,average,kshape,7,2.26,0.59,0.52,2.06,57.26,2656.09,2915.54,0.06
6,DGS,weekend,average,kshape,8,3.05,0.61,0.5,4.97,44.28,2795.08,2776.55,0.02
7,DGS,weekend,average,kshape,9,2.55,0.58,0.55,3.46,46.59,2534.3,3037.33,0.13
8,DGS,weekend,average,kshape,10,2.14,0.49,0.68,1.05,74.32,1764.49,3807.13,0.22
