,dataset,context,function,algorithm,parameter k,DB,RMSSTD,RS,XB,calinski_harabaz_score,cohesion,separation,silhouette_score
0,DGS,weekday,average,kmeans,2,1.07,0.61,0.43,0.27,237.75,2819.37,2114.55,0.46
1,DGS,weekday,average,kmeans,3,1.01,0.51,0.6,0.32,233.07,1993.39,2940.53,0.41
2,DGS,weekday,average,kmeans,4,1.12,0.46,0.67,0.44,216.56,1611.1,3322.82,0.36
3,DGS,weekday,average,kmeans,5,1.0,0.43,0.72,0.39,201.27,1384.39,3549.53,0.37
4,DGS,weekday,average,kmeans,6,1.03,0.4,0.75,0.34,192.6,1210.29,3723.64,0.39
5,DGS,weekday,average,kmeans,7,1.21,0.39,0.77,1.38,176.8,1121.36,3812.56,0.26
6,DGS,weekday,average,kmeans,8,1.28,0.37,0.79,1.28,166.25,1040.47,3893.45,0.26
7,DGS,weekday,average,kmeans,9,1.31,0.36,0.8,1.29,154.74,988.09,3945.83,0.24
8,DGS,weekday,average,kmeans,10,1.25,0.36,0.81,1.3,145.31,942.97,3990.95,0.25
