,dataset,context,function,algorithm,parameter k,DB,RMSSTD,RS,XB,calinski_harabaz_score,cohesion,separation,silhouette_score
0,DGS,weekend,median,hierarchical,2,1.11,0.69,0.41,0.31,198.02,3164.36,2237.94,0.4
1,DGS,weekend,median,hierarchical,3,1.2,0.64,0.5,0.44,139.47,2701.4,2700.9,0.36
2,DGS,weekend,median,hierarchical,4,1.48,0.59,0.57,0.99,122.33,2328.51,3073.79,0.2
3,DGS,weekend,median,hierarchical,5,1.35,0.55,0.63,0.76,118.63,1991.27,3411.03,0.22
4,DGS,weekend,median,hierarchical,6,1.48,0.52,0.66,0.69,108.45,1822.22,3580.08,0.22
5,DGS,weekend,median,hierarchical,7,1.43,0.51,0.68,0.73,99.27,1706.44,3695.86,0.22
6,DGS,weekend,median,hierarchical,8,1.43,0.5,0.7,0.95,91.87,1614.01,3788.29,0.2
7,DGS,weekend,median,hierarchical,9,1.45,0.48,0.71,0.9,85.6,1539.79,3862.51,0.19
8,DGS,weekend,median,hierarchical,10,1.48,0.47,0.73,0.86,81.12,1466.44,3935.86,0.19
