,dataset,context,function,algorithm,parameter k,DB,RMSSTD,RS,XB,calinski_harabaz_score,cohesion,separation,silhouette_score
0,DGS,weekday,median,kshape,2,3.04,0.8,0.08,2.74,25.58,4262.92,388.05,0.13
1,DGS,weekday,median,kshape,3,1.94,0.7,0.29,1.23,57.16,3302.56,1348.41,0.17
2,DGS,weekday,median,kshape,4,1.81,0.59,0.5,1.34,92.77,2328.38,2322.59,0.24
3,DGS,weekday,median,kshape,5,2.86,0.68,0.33,6.33,34.24,3115.89,1535.08,0.1
4,DGS,weekday,median,kshape,6,1.58,0.54,0.58,1.07,76.8,1949.08,2701.88,0.22
5,DGS,weekday,median,kshape,7,2.03,0.54,0.58,1.36,64.46,1936.84,2714.12,0.13
6,DGS,weekday,median,kshape,8,2.17,0.54,0.59,2.08,55.96,1918.33,2732.63,0.1
7,DGS,weekday,median,kshape,9,1.93,0.49,0.65,1.14,64.77,1608.8,3042.17,0.21
8,DGS,weekday,median,kshape,10,2.74,0.5,0.64,3.73,54.4,1664.91,2986.06,0.21
