,dataset,context,function,algorithm,parameter k,DB,RMSSTD,RS,XB,calinski_harabaz_score,cohesion,separation,silhouette_score
0,DGS,fullweek,median,kshape,2,1.49,0.75,0.19,0.51,67.02,3819.9,914.29,0.35
1,DGS,fullweek,median,kshape,3,2.28,0.7,0.3,2.51,61.17,3291.11,1443.08,0.13
2,DGS,fullweek,median,kshape,4,1.99,0.58,0.52,1.31,101.11,2263.95,2470.25,0.31
3,DGS,fullweek,median,kshape,5,2.51,0.64,0.43,1.92,52.43,2694.33,2039.87,0.11
4,DGS,fullweek,median,kshape,6,1.72,0.54,0.59,1.94,80.93,1919.71,2814.49,0.14
5,DGS,fullweek,median,kshape,7,1.81,0.52,0.62,4.81,74.54,1802.66,2931.53,0.13
6,DGS,fullweek,median,kshape,8,2.24,0.5,0.65,2.82,72.8,1655.36,3078.84,0.1
7,DGS,fullweek,median,kshape,9,2.05,0.55,0.58,4.58,46.32,2008.36,2725.84,0.02
8,DGS,fullweek,median,kshape,10,2.03,0.5,0.66,2.43,58.4,1614.4,3119.79,0.09
