,dataset,context,function,algorithm,parameter k,DB,RMSSTD,RS,XB,calinski_harabaz_score,cohesion,separation,silhouette_score
0,DGS,weekday,average,kshape,2,1.69,0.74,0.17,0.61,62.65,4119.77,814.15,0.34
1,DGS,weekday,average,kshape,3,1.78,0.62,0.41,0.84,108.6,2924.13,2009.79,0.27
2,DGS,weekday,average,kshape,4,1.35,0.54,0.56,0.4,133.99,2167.72,2766.2,0.35
3,DGS,weekday,average,kshape,5,1.66,0.5,0.62,1.31,126.74,1887.09,3046.83,0.32
4,DGS,weekday,average,kshape,6,2.44,0.57,0.5,1.76,63.84,2442.84,2491.08,0.07
5,DGS,weekday,average,kshape,7,1.73,0.48,0.66,1.77,99.47,1693.84,3240.08,0.19
6,DGS,weekday,average,kshape,8,1.65,0.5,0.63,2.69,74.52,1842.88,3091.04,0.13
7,DGS,weekday,average,kshape,9,2.08,0.45,0.69,2.97,86.0,1532.61,3401.31,0.22
8,DGS,weekday,average,kshape,10,1.81,0.44,0.71,1.46,84.59,1424.4,3509.52,0.15
