,dataset,context,function,algorithm,parameter k,DB,RMSSTD,RS,XB,calinski_harabaz_score,cohesion,separation,silhouette_score
0,DGS,weekday,average,hierarchical,2,1.17,0.65,0.34,0.48,165.19,3243.64,1690.28,0.33
1,DGS,weekday,average,hierarchical,3,1.01,0.53,0.57,0.36,206.83,2136.77,2797.15,0.38
2,DGS,weekday,average,hierarchical,4,1.15,0.48,0.65,0.44,193.67,1734.59,3199.33,0.35
3,DGS,weekday,average,hierarchical,5,1.16,0.45,0.69,0.43,178.69,1505.94,3427.98,0.37
4,DGS,weekday,average,hierarchical,6,1.05,0.42,0.74,0.37,175.14,1299.15,3634.77,0.39
5,DGS,weekday,average,hierarchical,7,1.15,0.4,0.76,0.5,162.18,1197.91,3736.02,0.35
6,DGS,weekday,average,hierarchical,8,1.29,0.39,0.77,1.46,152.46,1113.37,3820.55,0.22
7,DGS,weekday,average,hierarchical,9,1.31,0.38,0.79,1.38,142.97,1052.13,3881.79,0.21
8,DGS,weekday,average,hierarchical,10,1.33,0.37,0.8,1.31,135.19,999.26,3934.66,0.21
