,dataset,context,function,algorithm,parameter k,DB,RMSSTD,RS,XB,calinski_harabaz_score,cohesion,separation,silhouette_score
0,DGS,fullweek,average,hierarchical,2,1.22,0.68,0.3,0.56,138.22,3538.02,1537.85,0.29
1,DGS,fullweek,average,hierarchical,3,1.05,0.56,0.54,0.42,184.15,2347.95,2727.92,0.34
2,DGS,fullweek,average,hierarchical,4,1.16,0.49,0.64,0.53,186.91,1829.52,3246.35,0.33
3,DGS,fullweek,average,hierarchical,5,1.0,0.46,0.69,0.46,173.84,1582.49,3493.38,0.34
4,DGS,fullweek,average,hierarchical,6,1.01,0.42,0.74,0.36,174.29,1344.48,3731.39,0.37
5,DGS,fullweek,average,hierarchical,7,1.13,0.4,0.76,0.52,163.53,1227.64,3848.23,0.34
6,DGS,fullweek,average,hierarchical,8,1.23,0.39,0.77,0.57,150.05,1162.43,3913.44,0.33
7,DGS,fullweek,average,hierarchical,9,1.4,0.38,0.78,1.85,140.19,1101.96,3973.91,0.22
8,DGS,fullweek,average,hierarchical,10,1.37,0.37,0.79,1.76,132.88,1044.86,4031.01,0.22
