,dataset,context,function,algorithm,parameter k,DB,RMSSTD,RS,XB,calinski_harabaz_score,cohesion,separation,silhouette_score
0,DGS,fullweek,median,kmeans,2,1.1,0.63,0.43,0.3,209.64,2707.22,2026.98,0.43
1,DGS,fullweek,median,kmeans,3,1.17,0.55,0.57,0.29,182.77,2049.31,2684.89,0.41
2,DGS,fullweek,median,kmeans,4,1.27,0.51,0.63,0.51,160.06,1735.9,2998.29,0.33
3,DGS,fullweek,median,kmeans,5,1.16,0.48,0.68,0.45,148.29,1507.03,3227.16,0.35
4,DGS,fullweek,median,kmeans,6,1.1,0.44,0.73,0.38,146.32,1296.75,3437.45,0.36
5,DGS,fullweek,median,kmeans,7,1.28,0.43,0.74,0.49,133.73,1208.41,3525.78,0.33
6,DGS,fullweek,median,kmeans,8,1.44,0.42,0.76,1.71,123.27,1140.95,3593.25,0.22
7,DGS,fullweek,median,kmeans,9,1.44,0.41,0.77,1.61,114.89,1084.14,3650.06,0.22
8,DGS,fullweek,median,kmeans,10,1.46,0.4,0.78,1.7,105.99,1050.37,3683.83,0.23
