,dataset,context,function,algorithm,parameter k,DB,RMSSTD,RS,XB,calinski_harabaz_score,cohesion,separation,silhouette_score
0,DGS,fullweek,average,kshape,2,1.56,0.73,0.19,0.53,76.77,4088.82,987.05,0.36
1,DGS,fullweek,average,kshape,3,1.38,0.6,0.45,0.58,131.51,2774.12,2301.75,0.32
2,DGS,fullweek,average,kshape,4,1.12,0.54,0.57,0.41,137.09,2205.45,2870.42,0.34
3,DGS,fullweek,average,kshape,5,1.53,0.56,0.53,0.51,89.6,2374.31,2701.56,0.27
4,DGS,fullweek,average,kshape,6,2.25,0.53,0.59,2.4,89.9,2087.48,2988.4,0.27
5,DGS,fullweek,average,kshape,7,2.07,0.48,0.66,1.26,102.31,1714.17,3361.7,0.25
6,DGS,fullweek,average,kshape,8,1.89,0.48,0.66,3.98,86.88,1721.11,3354.76,0.14
7,DGS,fullweek,average,kshape,9,2.24,0.5,0.64,1.38,68.26,1841.9,3233.97,0.24
8,DGS,fullweek,average,kshape,10,1.85,0.46,0.69,1.2,75.23,1594.14,3481.73,0.28
