,dataset,context,function,algorithm,parameter k,DB,RMSSTD,RS,XB,calinski_harabaz_score,cohesion,separation,silhouette_score
0,DGS,fullweek,average,kmeans,2,1.06,0.61,0.43,0.27,243.25,2875.93,2199.94,0.46
1,DGS,fullweek,average,kmeans,3,0.99,0.52,0.6,0.29,235.92,2039.76,3036.11,0.42
2,DGS,fullweek,average,kmeans,4,1.11,0.47,0.67,0.49,217.99,1653.63,3422.24,0.34
3,DGS,fullweek,average,kmeans,5,1.0,0.43,0.72,0.43,202.21,1422.69,3653.18,0.36
4,DGS,fullweek,average,kmeans,6,1.02,0.4,0.76,0.35,196.03,1231.55,3844.32,0.38
5,DGS,fullweek,average,kmeans,7,1.07,0.39,0.77,0.42,179.19,1144.53,3931.34,0.35
6,DGS,fullweek,average,kmeans,8,1.25,0.38,0.79,1.19,170.08,1053.98,4021.89,0.26
7,DGS,fullweek,average,kmeans,9,1.29,0.37,0.8,1.23,158.77,998.36,4077.51,0.26
8,DGS,fullweek,average,kmeans,10,1.26,0.36,0.81,1.26,149.73,949.3,4126.57,0.26
