,dataset,context,function,algorithm,parameter k,DB,RMSSTD,RS,XB,calinski_harabaz_score,cohesion,separation,silhouette_score
0,DGS,weekday,median,kmeans,2,1.1,0.63,0.42,0.31,204.94,2689.5,1961.47,0.43
1,DGS,weekday,median,kmeans,3,1.18,0.55,0.56,0.29,176.54,2057.04,2593.92,0.41
2,DGS,weekday,median,kmeans,4,1.28,0.51,0.63,0.53,157.26,1728.36,2922.6,0.33
3,DGS,weekday,median,kmeans,5,1.12,0.47,0.68,0.43,150.03,1472.46,3178.51,0.35
4,DGS,weekday,median,kmeans,6,1.09,0.44,0.73,0.36,148.18,1265.65,3385.31,0.37
5,DGS,weekday,median,kmeans,7,1.21,0.42,0.74,0.72,133.31,1193.13,3457.84,0.31
6,DGS,weekday,median,kmeans,8,1.28,0.41,0.76,0.64,123.23,1124.31,3526.66,0.31
7,DGS,weekday,median,kmeans,9,1.34,0.4,0.77,1.75,115.21,1065.81,3585.15,0.21
8,DGS,weekday,median,kmeans,10,1.34,0.4,0.78,1.61,106.95,1027.66,3623.31,0.24
