,dataset,context,function,algorithm,parameter k,DB,RMSSTD,RS,XB,calinski_harabaz_score,cohesion,separation,silhouette_score
0,DGS,fullweek,median,hierarchical,2,1.1,0.65,0.41,0.29,193.2,2801.28,1932.92,0.44
1,DGS,fullweek,median,hierarchical,3,1.29,0.57,0.53,0.66,159.45,2209.1,2525.09,0.31
2,DGS,fullweek,median,hierarchical,4,1.28,0.52,0.63,0.53,154.62,1774.07,2960.13,0.32
3,DGS,fullweek,median,hierarchical,5,1.3,0.49,0.67,0.6,138.51,1577.99,3156.21,0.32
4,DGS,fullweek,median,hierarchical,6,1.16,0.46,0.71,0.52,133.85,1382.31,3351.89,0.34
5,DGS,fullweek,median,hierarchical,7,1.25,0.44,0.73,0.68,123.57,1280.85,3453.35,0.3
6,DGS,fullweek,median,hierarchical,8,1.47,0.43,0.74,0.65,113.99,1210.1,3524.1,0.31
7,DGS,fullweek,median,hierarchical,9,1.4,0.42,0.76,0.53,106.14,1151.74,3582.45,0.3
8,DGS,fullweek,median,hierarchical,10,1.47,0.41,0.77,1.65,100.63,1093.46,3640.74,0.19
