,dataset,context,function,algorithm,parameter k,DB,RMSSTD,RS,XB,calinski_harabaz_score,cohesion,separation,silhouette_score
0,DGS,weekend,average,hierarchical,2,1.18,0.67,0.38,0.4,196.55,3443.39,2128.24,0.37
1,DGS,weekend,average,hierarchical,3,1.08,0.56,0.57,0.34,206.4,2420.09,3151.54,0.39
2,DGS,weekend,average,hierarchical,4,1.43,0.53,0.62,0.58,171.95,2116.53,3455.1,0.34
3,DGS,weekend,average,hierarchical,5,1.37,0.49,0.67,0.78,160.93,1830.65,3740.98,0.25
4,DGS,weekend,average,hierarchical,6,1.23,0.46,0.71,0.69,153.6,1616.92,3954.71,0.27
5,DGS,weekend,average,hierarchical,7,1.2,0.44,0.74,0.61,150.21,1436.17,4135.46,0.28
6,DGS,weekend,average,hierarchical,8,1.16,0.42,0.77,0.56,145.7,1305.19,4266.44,0.29
7,DGS,weekend,average,hierarchical,9,1.31,0.41,0.78,1.6,136.02,1238.43,4333.2,0.22
8,DGS,weekend,average,hierarchical,10,1.34,0.4,0.79,1.52,128.0,1181.42,4390.21,0.21
