,dataset,context,function,algorithm,parameter k,DB,RMSSTD,RS,XB,calinski_harabaz_score,cohesion,separation,silhouette_score
0,DGS,weekend,average,kmeans,2,1.07,0.64,0.43,0.28,241.86,3164.66,2406.96,0.44
1,DGS,weekend,average,kmeans,3,1.06,0.55,0.58,0.33,221.14,2326.15,3245.48,0.39
2,DGS,weekend,average,kmeans,4,1.12,0.51,0.65,0.62,196.54,1944.09,3627.54,0.3
3,DGS,weekend,average,kmeans,5,1.18,0.47,0.69,0.54,179.37,1699.83,3871.8,0.31
4,DGS,weekend,average,kmeans,6,1.1,0.44,0.73,0.47,171.76,1491.74,4079.89,0.32
5,DGS,weekend,average,kmeans,7,1.12,0.43,0.75,0.63,160.46,1366.95,4204.68,0.29
6,DGS,weekend,average,kmeans,8,1.26,0.41,0.77,1.18,149.75,1277.97,4293.66,0.25
7,DGS,weekend,average,kmeans,9,1.3,0.4,0.79,1.22,142.4,1194.87,4376.76,0.24
8,DGS,weekend,average,kmeans,10,1.31,0.39,0.8,1.14,133.6,1142.05,4429.57,0.23
