,dataset,context,function,algorithm,parameter k,DB,RMSSTD,RS,XB,calinski_harabaz_score,cohesion,separation,silhouette_score
0,DGS,weekday,median,hierarchical,2,1.11,0.65,0.39,0.29,183.07,2816.24,1834.73,0.44
1,DGS,weekday,median,hierarchical,3,1.28,0.57,0.54,0.6,161.43,2160.13,2490.83,0.32
2,DGS,weekday,median,hierarchical,4,1.3,0.52,0.61,0.51,145.75,1811.68,2839.29,0.32
3,DGS,weekday,median,hierarchical,5,1.15,0.48,0.67,0.43,139.31,1547.99,3102.97,0.34
4,DGS,weekday,median,hierarchical,6,1.17,0.45,0.71,0.44,138.8,1326.79,3324.18,0.37
5,DGS,weekday,median,hierarchical,7,1.25,0.43,0.73,0.7,125.21,1249.58,3401.39,0.33
6,DGS,weekday,median,hierarchical,8,1.25,0.42,0.75,0.66,116.12,1175.77,3475.2,0.3
7,DGS,weekday,median,hierarchical,9,1.29,0.41,0.76,0.63,108.34,1117.16,3533.81,0.3
8,DGS,weekday,median,hierarchical,10,1.38,0.4,0.77,1.61,102.66,1060.81,3590.15,0.23
