,dataset,context,function,algorithm,parameter k,DB,RMSSTD,RS,XB,calinski_harabaz_score,cohesion,separation,silhouette_score
0,DGS,weekend,median,kmeans,2,1.1,0.68,0.43,0.31,207.12,3105.3,2297.0,0.41
1,DGS,weekend,median,kmeans,3,1.19,0.6,0.55,0.36,168.89,2443.7,2958.6,0.36
2,DGS,weekend,median,kmeans,4,1.34,0.56,0.61,0.85,144.9,2107.28,3295.02,0.25
3,DGS,weekend,median,kmeans,5,1.33,0.53,0.65,0.73,129.55,1881.8,3520.5,0.25
4,DGS,weekend,median,kmeans,6,1.37,0.51,0.68,0.7,117.76,1724.18,3678.12,0.25
5,DGS,weekend,median,kmeans,7,1.38,0.5,0.7,0.65,106.01,1630.71,3771.59,0.25
6,DGS,weekend,median,kmeans,8,1.45,0.49,0.71,1.01,96.83,1555.12,3847.18,0.22
7,DGS,weekend,median,kmeans,9,1.5,0.47,0.73,1.1,91.09,1472.28,3930.02,0.19
8,DGS,weekend,median,kmeans,10,1.51,0.47,0.74,1.28,85.14,1415.29,3987.01,0.21
