,dataset,context,function,algorithm,parameter k,DB,RMSSTD,RS,XB,calinski_harabaz_score,cohesion,separation,silhouette_score
0,DGS,weekend,median,kshape,2,1.49,0.79,0.23,0.55,83.82,4157.64,1244.66,0.31
1,DGS,weekend,median,kshape,3,2.11,0.76,0.28,1.02,55.33,3868.07,1534.23,0.19
2,DGS,weekend,median,kshape,4,2.19,0.71,0.38,1.21,57.23,3339.71,2062.59,0.2
3,DGS,weekend,median,kshape,5,2.02,0.66,0.46,1.9,59.43,2907.29,2495.01,0.18
4,DGS,weekend,median,kshape,6,2.87,0.65,0.48,5.23,51.19,2803.0,2599.3,0.08
5,DGS,weekend,median,kshape,7,2.82,0.67,0.45,5.69,37.6,2967.8,2434.5,0.01
6,DGS,weekend,median,kshape,8,2.51,0.62,0.53,3.88,44.3,2534.11,2868.19,0.06
7,DGS,weekend,median,kshape,9,3.34,0.63,0.51,4.72,36.15,2623.44,2778.86,0.03
8,DGS,weekend,median,kshape,10,2.14,0.61,0.55,2.15,36.4,2450.54,2951.76,0.07
