,dataset,context,function,algorithm,parameter k,DB,RMSSTD,RS,XB,calinski_harabaz_score,cohesion,separation,silhouette_score
0,BDG,weekday,average,kshape,2,1.18,0.79,0.21,0.43,96.73,5466.74,1444.87,0.35
1,BDG,weekday,average,kshape,3,0.91,0.6,0.55,0.3,219.06,3141.17,3770.43,0.42
2,BDG,weekday,average,kshape,4,2.26,0.47,0.72,1.96,314.05,1926.14,4985.46,0.44
3,BDG,weekday,average,kshape,5,1.86,0.46,0.73,1.22,242.69,1881.07,5030.53,0.48
4,BDG,weekday,average,kshape,6,2.62,0.46,0.74,3.58,205.73,1799.14,5112.46,0.33
5,BDG,weekday,average,kshape,7,2.75,0.48,0.72,3.67,151.93,1960.67,4950.94,0.16
6,BDG,weekday,average,kshape,8,3.61,0.45,0.75,7.53,151.21,1754.17,5157.44,0.1
7,BDG,weekday,average,kshape,9,4.14,0.46,0.73,21.2,123.3,1844.23,5067.38,0.26
8,BDG,weekday,average,kshape,10,3.31,0.46,0.73,5.95,109.43,1842.65,5068.96,0.09
0,BDG,weekday,average,kmeans,2,0.65,0.58,0.57,0.18,475.83,3004.93,3906.68,0.54
1,BDG,weekday,average,kmeans,3,0.72,0.44,0.75,0.13,554.98,1710.37,5201.23,0.57
2,BDG,weekday,average,kmeans,4,0.81,0.37,0.83,0.28,583.45,1189.88,5721.72,0.52
3,BDG,weekday,average,kmeans,5,0.96,0.35,0.84,0.27,490.21,1079.63,5831.97,0.49
4,BDG,weekday,average,kmeans,6,1.22,0.34,0.86,0.64,431.9,992.26,5919.35,0.42
5,BDG,weekday,average,kmeans,7,1.29,0.33,0.87,0.62,393.34,916.96,5994.65,0.42
6,BDG,weekday,average,kmeans,8,1.4,0.32,0.88,1.42,360.67,862.54,6049.06,0.24
7,BDG,weekday,average,kmeans,9,1.34,0.31,0.88,1.35,335.29,815.85,6095.76,0.26
8,BDG,weekday,average,kmeans,10,1.33,0.3,0.89,1.25,321.64,760.7,6150.91,0.25
0,BDG,weekday,average,hierarchical,2,0.64,0.6,0.55,0.19,442.57,3128.53,3783.07,0.53
1,BDG,weekday,average,hierarchical,3,0.71,0.46,0.74,0.13,510.23,1820.88,5090.73,0.56
2,BDG,weekday,average,hierarchical,4,0.84,0.38,0.82,0.29,546,1256.66,5654.95,0.5
3,BDG,weekday,average,hierarchical,5,1.1,0.36,0.83,0.44,456.65,1145.83,5765.77,0.47
4,BDG,weekday,average,hierarchical,6,1.21,0.35,0.85,0.4,407.13,1043.51,5868.09,0.45
5,BDG,weekday,average,hierarchical,7,1.3,0.33,0.86,0.65,371.06,964.33,5947.28,0.42
6,BDG,weekday,average,hierarchical,8,1.17,0.32,0.87,0.62,338.3,912.05,5999.55,0.4
7,BDG,weekday,average,hierarchical,9,1.11,0.32,0.88,0.58,315.8,859.93,6051.68,0.41
8,BDG,weekday,average,hierarchical,10,1.22,0.31,0.88,0.84,298.89,811.78,6099.82,0.39
0,BDG,weekday,median,kshape,2,1.97,0.82,0.18,0.99,79.03,5890.56,1271.86,0.24
1,BDG,weekday,median,kshape,3,0.83,0.55,0.63,0.21,310.16,2653.21,4509.21,0.48
2,BDG,weekday,median,kshape,4,1.36,0.49,0.7,0.57,288.6,2119.96,5042.47,0.43
3,BDG,weekday,median,kshape,5,1.97,0.47,0.73,1.45,249.18,1912.14,5250.28,0.48
4,BDG,weekday,median,kshape,6,2.24,0.45,0.75,3.62,218.85,1780.44,5381.99,0.29
5,BDG,weekday,median,kshape,7,2.77,0.47,0.74,3.25,167.96,1889.03,5273.39,0.1
6,BDG,weekday,median,kshape,8,4.75,0.46,0.74,20.78,147.52,1851.54,5310.89,0.09
7,BDG,weekday,median,kshape,9,3.97,0.47,0.74,5.26,125.95,1881.51,5280.91,0.08
8,BDG,weekday,median,kshape,10,4.22,0.48,0.73,10.6,105.15,1965.83,5196.59,0.23
0,BDG,weekday,median,kmeans,2,0.68,0.6,0.56,0.19,462.36,3164.61,3997.81,0.53
1,BDG,weekday,median,kmeans,3,0.73,0.46,0.74,0.14,530.74,1832.68,5329.74,0.55
2,BDG,weekday,median,kmeans,4,0.81,0.38,0.82,0.27,569.57,1257.83,5904.6,0.51
3,BDG,weekday,median,kmeans,5,0.99,0.37,0.84,0.29,468.65,1161.94,6000.49,0.49
4,BDG,weekday,median,kmeans,6,1.19,0.35,0.85,0.61,411.16,1072.38,6090.05,0.43
5,BDG,weekday,median,kmeans,7,1.32,0.34,0.86,0.65,374.67,991.05,6171.38,0.41
6,BDG,weekday,median,kmeans,8,1.49,0.33,0.87,1.21,344.93,929.33,6233.09,0.24
7,BDG,weekday,median,kmeans,9,1.39,0.32,0.88,0.94,318.63,884.22,6278.21,0.27
8,BDG,weekday,median,kmeans,10,1.36,0.31,0.88,1.07,304.39,827.82,6334.6,0.24
0,BDG,weekday,median,hierarchical,2,0.67,0.6,0.55,0.19,454.06,3196.67,3965.76,0.53
1,BDG,weekday,median,hierarchical,3,0.71,0.46,0.74,0.13,521.13,1857.71,5304.72,0.56
2,BDG,weekday,median,hierarchical,4,0.82,0.38,0.82,0.28,557.39,1280.41,5882.02,0.5
3,BDG,weekday,median,hierarchical,5,1.02,0.37,0.83,0.38,454.41,1192.3,5970.12,0.48
4,BDG,weekday,median,hierarchical,6,1.35,0.36,0.85,0.74,396.08,1106.91,6055.52,0.43
5,BDG,weekday,median,hierarchical,7,1.45,0.35,0.85,0.84,353.51,1041.73,6120.69,0.4
6,BDG,weekday,median,hierarchical,8,1.48,0.34,0.86,0.83,324.91,978.78,6183.65,0.26
7,BDG,weekday,median,hierarchical,9,1.37,0.33,0.87,0.79,303.66,922.19,6240.24,0.26
8,BDG,weekday,median,hierarchical,10,1.32,0.32,0.88,0.74,288.49,867.91,6294.52,0.27
0,BDG,weekend,average,kshape,2,1.71,0.83,0.24,0.8,114.94,6001.48,1884.77,0.24
1,BDG,weekend,average,kshape,3,1.88,0.79,0.31,1.11,81.2,5457.89,2428.36,0.13
2,BDG,weekend,average,kshape,4,1.26,0.67,0.5,0.59,122.36,3926.48,3959.77,0.18
3,BDG,weekend,average,kshape,5,3.3,0.72,0.42,4.15,66.76,4543.61,3342.64,0.14
4,BDG,weekend,average,kshape,6,2.51,0.67,0.5,6.74,72.12,3950.79,3935.46,0.08
5,BDG,weekend,average,kshape,7,2.82,0.68,0.49,4.71,57.57,4030.08,3856.17,0.06
6,BDG,weekend,average,kshape,8,3.06,0.7,0.47,3.48,45.27,4194.27,3691.98,0.04
7,BDG,weekend,average,kshape,9,2.61,0.64,0.55,2.37,54.77,3551.66,4334.59,0.08
8,BDG,weekend,average,kshape,10,3.46,0.67,0.52,6.61,42.59,3808.27,4077.98,-0.01
0,BDG,weekend,average,kmeans,2,1.31,0.78,0.32,0.46,174.29,5342.26,2543.99,0.33
1,BDG,weekend,average,kmeans,3,1.1,0.65,0.53,0.26,207.42,3691.14,4195.11,0.33
2,BDG,weekend,average,kmeans,4,1.18,0.59,0.61,0.45,192.77,3046.33,4839.92,0.29
3,BDG,weekend,average,kmeans,5,1.29,0.56,0.65,0.61,171.11,2733.02,5153.22,0.25
4,BDG,weekend,average,kmeans,6,1.39,0.54,0.68,0.66,154.65,2514.69,5371.56,0.23
5,BDG,weekend,average,kmeans,7,1.49,0.52,0.7,0.62,140.7,2362.27,5523.98,0.22
6,BDG,weekend,average,kmeans,8,1.41,0.51,0.72,0.61,131,2223.25,5663,0.22
7,BDG,weekend,average,kmeans,9,1.52,0.5,0.73,0.63,118.36,2167.95,5718.3,0.22
8,BDG,weekend,average,kmeans,10,1.55,0.49,0.74,0.87,113.02,2053.05,5833.2,0.2
0,BDG,weekend,average,hierarchical,2,1.28,0.8,0.3,0.46,153.51,5555.98,2330.27,0.33
1,BDG,weekend,average,hierarchical,3,1.1,0.66,0.51,0.42,189.11,3873.01,4013.24,0.3
2,BDG,weekend,average,hierarchical,4,1.25,0.62,0.57,0.64,163.41,3360.43,4525.82,0.25
3,BDG,weekend,average,hierarchical,5,1.43,0.58,0.63,0.55,153.47,2930.42,4955.83,0.25
4,BDG,weekend,average,hierarchical,6,1.45,0.55,0.67,0.76,144.33,2634.49,5251.76,0.21
5,BDG,weekend,average,hierarchical,7,1.47,0.54,0.68,0.72,129.91,2496.31,5389.94,0.21
6,BDG,weekend,average,hierarchical,8,1.44,0.52,0.7,0.68,119.6,2371.4,5514.85,0.19
7,BDG,weekend,average,hierarchical,9,1.7,0.52,0.71,0.71,109.86,2287.1,5599.15,0.19
8,BDG,weekend,average,hierarchical,10,1.84,0.51,0.72,1.6,102.4,2206.42,5679.83,0.16
0,BDG,weekend,median,kshape,2,1.68,0.82,0.24,0.77,118.54,5852.55,1895.47,0.24
1,BDG,weekend,median,kshape,3,1.42,0.76,0.35,0.64,98.49,5032.22,2715.81,0.2
2,BDG,weekend,median,kshape,4,3.11,0.76,0.36,3,67.24,4985.23,2762.79,0.16
3,BDG,weekend,median,kshape,5,2.84,0.73,0.4,1.83,61.49,4618.56,3129.46,0.15
4,BDG,weekend,median,kshape,6,2.76,0.7,0.45,3.93,58.89,4272.63,3475.39,0.07
5,BDG,weekend,median,kshape,7,2.84,0.7,0.46,4.3,50.34,4218.33,3529.7,0.03
6,BDG,weekend,median,kshape,8,3.6,0.71,0.44,5.33,40.89,4316.18,3431.85,0.02
7,BDG,weekend,median,kshape,9,3.12,0.68,0.49,2.25,42.65,3972.49,3775.53,0.08
8,BDG,weekend,median,kshape,10,2.8,0.68,0.49,2.96,38.14,3955.6,3792.42,0
0,BDG,weekend,median,kmeans,2,1.44,0.78,0.31,0.55,161.16,5379.33,2368.69,0.29
1,BDG,weekend,median,kmeans,3,1.16,0.67,0.49,0.45,175.55,3949.22,3798.81,0.3
2,BDG,weekend,median,kmeans,4,1.28,0.62,0.57,0.51,162.29,3314.54,4433.49,0.27
3,BDG,weekend,median,kmeans,5,1.37,0.59,0.61,0.65,141.34,3029.59,4718.43,0.22
4,BDG,weekend,median,kmeans,6,1.64,0.57,0.63,0.71,125.86,2829.46,4918.57,0.22
5,BDG,weekend,median,kmeans,7,1.61,0.56,0.66,0.89,114.41,2670.33,5077.69,0.2
6,BDG,weekend,median,kmeans,8,1.59,0.54,0.67,0.87,104.16,2561.1,5186.92,0.2
7,BDG,weekend,median,kmeans,9,1.69,0.54,0.68,1.57,95.3,2480.51,5267.52,0.17
8,BDG,weekend,median,kmeans,10,1.67,0.53,0.69,1.12,89.39,2386.02,5362.01,0.18
0,BDG,weekend,median,hierarchical,2,1.6,0.82,0.25,0.64,119.48,5841.21,1906.81,0.29
1,BDG,weekend,median,hierarchical,3,1.29,0.7,0.44,0.49,143.88,4332.36,3415.66,0.26
2,BDG,weekend,median,hierarchical,4,1.34,0.64,0.54,0.49,140.34,3592.61,4155.41,0.26
3,BDG,weekend,median,hierarchical,5,1.47,0.61,0.58,0.99,125.46,3252.07,4495.95,0.19
4,BDG,weekend,median,hierarchical,6,1.45,0.59,0.61,0.91,115.07,2992.28,4755.74,0.17
5,BDG,weekend,median,hierarchical,7,1.55,0.58,0.63,1.36,102.47,2866.38,4881.65,0.15
6,BDG,weekend,median,hierarchical,8,1.86,0.56,0.65,1.3,93.85,2742.81,5005.22,0.15
7,BDG,weekend,median,hierarchical,9,1.84,0.55,0.66,1.25,86.84,2639.67,5108.35,0.15
8,BDG,weekend,median,hierarchical,10,1.87,0.55,0.67,1.45,80.67,2558.75,5189.28,0.14
0,BDG,fullweek,average,kshape,2,1.22,0.8,0.2,0.46,93.88,5610.08,1439.05,0.34
1,BDG,fullweek,average,kshape,3,0.84,0.56,0.61,0.22,284.54,2754.52,4294.62,0.46
2,BDG,fullweek,average,kshape,4,2.09,0.48,0.72,1.62,309.67,1984.41,5064.72,0.44
3,BDG,fullweek,average,kshape,5,2.35,0.49,0.7,2.66,216.82,2079.9,4969.23,0.43
4,BDG,fullweek,average,kshape,6,2.05,0.45,0.75,2.25,214.72,1777.53,5271.6,0.28
5,BDG,fullweek,average,kshape,7,3.27,0.46,0.73,4.25,166.8,1868.69,5180.45,0.17
6,BDG,fullweek,average,kshape,8,4.38,0.45,0.75,15.93,154.93,1756.81,5292.32,0.1
7,BDG,fullweek,average,kshape,9,3.29,0.47,0.73,5.82,121.25,1904.21,5144.92,0.07
8,BDG,fullweek,average,kshape,10,3.25,0.44,0.77,9.32,131.45,1637.56,5411.58,0.07
0,BDG,fullweek,average,kmeans,2,0.65,0.58,0.57,0.18,494.58,2997.97,4051.16,0.55
1,BDG,fullweek,average,kmeans,3,0.81,0.45,0.75,0.17,542.37,1774.76,5274.37,0.54
2,BDG,fullweek,average,kmeans,4,0.83,0.38,0.82,0.27,566.19,1244.02,5805.12,0.5
3,BDG,fullweek,average,kmeans,5,0.91,0.36,0.84,0.28,485.27,1110.58,5938.56,0.48
4,BDG,fullweek,average,kmeans,6,1.11,0.34,0.86,0.56,429.45,1016.95,6032.19,0.42
5,BDG,fullweek,average,kmeans,7,1.22,0.33,0.87,0.65,387.63,947.13,6102,0.41
6,BDG,fullweek,average,kmeans,8,1.35,0.32,0.87,0.82,358.13,885.18,6163.96,0.27
7,BDG,fullweek,average,kmeans,9,1.38,0.31,0.88,1,330.39,842.96,6206.18,0.25
8,BDG,fullweek,average,kmeans,10,1.34,0.3,0.89,1.06,311.1,799.12,6250.01,0.23
0,BDG,fullweek,average,hierarchical,2,0.64,0.59,0.56,0.18,469.87,3086.57,3962.56,0.54
1,BDG,fullweek,average,hierarchical,3,0.83,0.47,0.73,0.18,496.41,1894.91,5154.23,0.53
2,BDG,fullweek,average,hierarchical,4,0.86,0.4,0.8,0.31,500.78,1374.82,5674.32,0.48
3,BDG,fullweek,average,hierarchical,5,0.96,0.36,0.84,0.3,463.38,1154.44,5894.7,0.48
4,BDG,fullweek,average,hierarchical,6,1.22,0.35,0.85,0.67,407.93,1062.51,5986.62,0.43
5,BDG,fullweek,average,hierarchical,7,1.27,0.34,0.86,0.63,363.83,1000.3,6048.83,0.41
6,BDG,fullweek,average,hierarchical,8,1.31,0.33,0.87,0.93,332.62,943.95,6105.18,0.28
7,BDG,fullweek,average,hierarchical,9,1.2,0.32,0.87,0.87,309.66,892.24,6156.9,0.29
8,BDG,fullweek,average,hierarchical,10,1.25,0.31,0.88,0.82,293.77,840.65,6208.49,0.27
0,BDG,fullweek,median,kshape,2,1.88,0.82,0.2,0.91,89.15,5858.05,1426.91,0.25
1,BDG,fullweek,median,kshape,3,0.82,0.53,0.66,0.2,354.6,2475.34,4809.62,0.48
2,BDG,fullweek,median,kshape,4,2.97,0.5,0.7,5.41,284.65,2177.21,5107.75,0.34
3,BDG,fullweek,median,kshape,5,1.95,0.51,0.69,3.35,202.92,2251.22,5033.73,0.42
4,BDG,fullweek,median,kshape,6,3.03,0.5,0.71,6.64,174.19,2138.9,5146.05,0.26
5,BDG,fullweek,median,kshape,7,2.4,0.47,0.74,2.65,171.88,1888.85,5396.1,0.11
6,BDG,fullweek,median,kshape,8,4.53,0.48,0.72,13.33,135.35,2005.84,5279.11,0.05
7,BDG,fullweek,median,kshape,9,2.75,0.47,0.74,4.26,126.27,1910.15,5374.8,0.24
8,BDG,fullweek,median,kshape,10,3.05,0.47,0.74,6.2,115.66,1864.33,5420.63,0.15
0,BDG,fullweek,median,kmeans,2,0.7,0.6,0.56,0.19,464.66,3209.84,4075.11,0.53
1,BDG,fullweek,median,kmeans,3,0.75,0.46,0.74,0.15,523.66,1882.72,5402.24,0.54
2,BDG,fullweek,median,kmeans,4,0.8,0.39,0.82,0.26,558.57,1300.04,5984.91,0.5
3,BDG,fullweek,median,kmeans,5,0.94,0.37,0.84,0.26,473.28,1172.11,6112.84,0.48
4,BDG,fullweek,median,kmeans,6,1.14,0.35,0.85,0.73,416.39,1079.06,6205.9,0.35
5,BDG,fullweek,median,kmeans,7,1.32,0.34,0.86,0.98,372.39,1013.31,6271.65,0.26
6,BDG,fullweek,median,kmeans,8,1.39,0.33,0.87,0.86,348.42,936.98,6347.97,0.27
7,BDG,fullweek,median,kmeans,9,1.4,0.32,0.88,0.9,324.23,885.7,6399.26,0.24
8,BDG,fullweek,median,kmeans,10,1.43,0.31,0.88,0.88,303,845.38,6439.57,0.24
0,BDG,fullweek,median,hierarchical,2,0.68,0.61,0.55,0.19,444.29,3290.54,3994.41,0.52
1,BDG,fullweek,median,hierarchical,3,0.8,0.48,0.73,0.17,488.92,1980.15,5304.81,0.52
2,BDG,fullweek,median,hierarchical,4,0.85,0.4,0.81,0.3,509.72,1400.68,5884.27,0.48
3,BDG,fullweek,median,hierarchical,5,0.96,0.37,0.83,0.31,449.48,1223.76,6061.2,0.46
4,BDG,fullweek,median,hierarchical,6,1.11,0.36,0.84,0.75,390.84,1138.57,6146.39,0.41
5,BDG,fullweek,median,hierarchical,7,1.25,0.35,0.85,0.71,352.33,1062.57,6222.38,0.37
6,BDG,fullweek,median,hierarchical,8,1.31,0.34,0.86,0.77,327.34,989.14,6295.82,0.25
7,BDG,fullweek,median,hierarchical,9,1.37,0.33,0.87,0.72,305.57,932.84,6352.11,0.24
8,BDG,fullweek,median,hierarchical,10,1.31,0.32,0.88,0.68,289.19,880.89,6404.07,0.26
0,DGS,weekday,average,kshape,2,1.69,0.74,0.17,0.61,62.65,4119.77,814.15,0.34
1,DGS,weekday,average,kshape,3,1.78,0.62,0.41,0.84,108.6,2924.13,2009.79,0.27
2,DGS,weekday,average,kshape,4,1.35,0.54,0.56,0.4,133.99,2167.72,2766.2,0.35
3,DGS,weekday,average,kshape,5,1.66,0.5,0.62,1.31,126.74,1887.09,3046.83,0.32
4,DGS,weekday,average,kshape,6,2.44,0.57,0.5,1.76,63.84,2442.84,2491.08,0.07
5,DGS,weekday,average,kshape,7,1.73,0.48,0.66,1.77,99.47,1693.84,3240.08,0.19
6,DGS,weekday,average,kshape,8,1.65,0.5,0.63,2.69,74.52,1842.88,3091.04,0.13
7,DGS,weekday,average,kshape,9,2.08,0.45,0.69,2.97,86,1532.61,3401.31,0.22
8,DGS,weekday,average,kshape,10,1.81,0.44,0.71,1.46,84.59,1424.4,3509.52,0.15
0,DGS,weekday,average,kmeans,2,1.07,0.61,0.43,0.27,237.75,2819.37,2114.55,0.46
1,DGS,weekday,average,kmeans,3,1.01,0.51,0.6,0.32,233.07,1993.39,2940.53,0.41
2,DGS,weekday,average,kmeans,4,1.12,0.46,0.67,0.44,216.56,1611.1,3322.82,0.36
3,DGS,weekday,average,kmeans,5,1,0.43,0.72,0.39,201.27,1384.39,3549.53,0.37
4,DGS,weekday,average,kmeans,6,1.03,0.4,0.75,0.34,192.6,1210.29,3723.64,0.39
5,DGS,weekday,average,kmeans,7,1.21,0.39,0.77,1.38,176.8,1121.36,3812.56,0.26
6,DGS,weekday,average,kmeans,8,1.28,0.37,0.79,1.28,166.25,1040.47,3893.45,0.26
7,DGS,weekday,average,kmeans,9,1.31,0.36,0.8,1.29,154.74,988.09,3945.83,0.24
8,DGS,weekday,average,kmeans,10,1.25,0.36,0.81,1.3,145.31,942.97,3990.95,0.25
0,DGS,weekday,average,hierarchical,2,1.17,0.65,0.34,0.48,165.19,3243.64,1690.28,0.33
1,DGS,weekday,average,hierarchical,3,1.01,0.53,0.57,0.36,206.83,2136.77,2797.15,0.38
2,DGS,weekday,average,hierarchical,4,1.15,0.48,0.65,0.44,193.67,1734.59,3199.33,0.35
3,DGS,weekday,average,hierarchical,5,1.16,0.45,0.69,0.43,178.69,1505.94,3427.98,0.37
4,DGS,weekday,average,hierarchical,6,1.05,0.42,0.74,0.37,175.14,1299.15,3634.77,0.39
5,DGS,weekday,average,hierarchical,7,1.15,0.4,0.76,0.5,162.18,1197.91,3736.02,0.35
6,DGS,weekday,average,hierarchical,8,1.29,0.39,0.77,1.46,152.46,1113.37,3820.55,0.22
7,DGS,weekday,average,hierarchical,9,1.31,0.38,0.79,1.38,142.97,1052.13,3881.79,0.21
8,DGS,weekday,average,hierarchical,10,1.33,0.37,0.8,1.31,135.19,999.26,3934.66,0.21
0,DGS,weekday,median,kshape,2,3.04,0.8,0.08,2.74,25.58,4262.92,388.05,0.13
1,DGS,weekday,median,kshape,3,1.94,0.7,0.29,1.23,57.16,3302.56,1348.41,0.17
2,DGS,weekday,median,kshape,4,1.81,0.59,0.5,1.34,92.77,2328.38,2322.59,0.24
3,DGS,weekday,median,kshape,5,2.86,0.68,0.33,6.33,34.24,3115.89,1535.08,0.1
4,DGS,weekday,median,kshape,6,1.58,0.54,0.58,1.07,76.8,1949.08,2701.88,0.22
5,DGS,weekday,median,kshape,7,2.03,0.54,0.58,1.36,64.46,1936.84,2714.12,0.13
6,DGS,weekday,median,kshape,8,2.17,0.54,0.59,2.08,55.96,1918.33,2732.63,0.1
7,DGS,weekday,median,kshape,9,1.93,0.49,0.65,1.14,64.77,1608.8,3042.17,0.21
8,DGS,weekday,median,kshape,10,2.74,0.5,0.64,3.73,54.4,1664.91,2986.06,0.21
0,DGS,weekday,median,kmeans,2,1.1,0.63,0.42,0.31,204.94,2689.5,1961.47,0.43
1,DGS,weekday,median,kmeans,3,1.18,0.55,0.56,0.29,176.54,2057.04,2593.92,0.41
2,DGS,weekday,median,kmeans,4,1.28,0.51,0.63,0.53,157.26,1728.36,2922.6,0.33
3,DGS,weekday,median,kmeans,5,1.12,0.47,0.68,0.43,150.03,1472.46,3178.51,0.35
4,DGS,weekday,median,kmeans,6,1.09,0.44,0.73,0.36,148.18,1265.65,3385.31,0.37
5,DGS,weekday,median,kmeans,7,1.21,0.42,0.74,0.72,133.31,1193.13,3457.84,0.31
6,DGS,weekday,median,kmeans,8,1.28,0.41,0.76,0.64,123.23,1124.31,3526.66,0.31
7,DGS,weekday,median,kmeans,9,1.34,0.4,0.77,1.75,115.21,1065.81,3585.15,0.21
8,DGS,weekday,median,kmeans,10,1.34,0.4,0.78,1.61,106.95,1027.66,3623.31,0.24
0,DGS,weekday,median,hierarchical,2,1.11,0.65,0.39,0.29,183.07,2816.24,1834.73,0.44
1,DGS,weekday,median,hierarchical,3,1.28,0.57,0.54,0.6,161.43,2160.13,2490.83,0.32
2,DGS,weekday,median,hierarchical,4,1.3,0.52,0.61,0.51,145.75,1811.68,2839.29,0.32
3,DGS,weekday,median,hierarchical,5,1.15,0.48,0.67,0.43,139.31,1547.99,3102.97,0.34
4,DGS,weekday,median,hierarchical,6,1.17,0.45,0.71,0.44,138.8,1326.79,3324.18,0.37
5,DGS,weekday,median,hierarchical,7,1.25,0.43,0.73,0.7,125.21,1249.58,3401.39,0.33
6,DGS,weekday,median,hierarchical,8,1.25,0.42,0.75,0.66,116.12,1175.77,3475.2,0.3
7,DGS,weekday,median,hierarchical,9,1.29,0.41,0.76,0.63,108.34,1117.16,3533.81,0.3
8,DGS,weekday,median,hierarchical,10,1.38,0.4,0.77,1.61,102.66,1060.81,3590.15,0.23
0,DGS,weekend,average,kshape,2,1.96,0.78,0.16,0.86,59.01,4699.51,872.12,0.27
1,DGS,weekend,average,kshape,3,1.73,0.68,0.37,1.12,93.12,3509.67,2061.96,0.22
2,DGS,weekend,average,kshape,4,2.35,0.68,0.36,1.18,60.54,3538.01,2033.62,0.2
3,DGS,weekend,average,kshape,5,3.34,0.69,0.36,8.5,43.99,3574.89,1996.73,0.08
4,DGS,weekend,average,kshape,6,3.22,0.63,0.47,4.52,55.54,2956.75,2614.88,0.16
5,DGS,weekend,average,kshape,7,2.26,0.59,0.52,2.06,57.26,2656.09,2915.54,0.06
6,DGS,weekend,average,kshape,8,3.05,0.61,0.5,4.97,44.28,2795.08,2776.55,0.02
7,DGS,weekend,average,kshape,9,2.55,0.58,0.55,3.46,46.59,2534.3,3037.33,0.13
8,DGS,weekend,average,kshape,10,2.14,0.49,0.68,1.05,74.32,1764.49,3807.13,0.22
0,DGS,weekend,average,kmeans,2,1.07,0.64,0.43,0.28,241.86,3164.66,2406.96,0.44
1,DGS,weekend,average,kmeans,3,1.06,0.55,0.58,0.33,221.14,2326.15,3245.48,0.39
2,DGS,weekend,average,kmeans,4,1.12,0.51,0.65,0.62,196.54,1944.09,3627.54,0.3
3,DGS,weekend,average,kmeans,5,1.18,0.47,0.69,0.54,179.37,1699.83,3871.8,0.31
4,DGS,weekend,average,kmeans,6,1.1,0.44,0.73,0.47,171.76,1491.74,4079.89,0.32
5,DGS,weekend,average,kmeans,7,1.12,0.43,0.75,0.63,160.46,1366.95,4204.68,0.29
6,DGS,weekend,average,kmeans,8,1.26,0.41,0.77,1.18,149.75,1277.97,4293.66,0.25
7,DGS,weekend,average,kmeans,9,1.3,0.4,0.79,1.22,142.4,1194.87,4376.76,0.24
8,DGS,weekend,average,kmeans,10,1.31,0.39,0.8,1.14,133.6,1142.05,4429.57,0.23
0,DGS,weekend,average,hierarchical,2,1.18,0.67,0.38,0.4,196.55,3443.39,2128.24,0.37
1,DGS,weekend,average,hierarchical,3,1.08,0.56,0.57,0.34,206.4,2420.09,3151.54,0.39
2,DGS,weekend,average,hierarchical,4,1.43,0.53,0.62,0.58,171.95,2116.53,3455.1,0.34
3,DGS,weekend,average,hierarchical,5,1.37,0.49,0.67,0.78,160.93,1830.65,3740.98,0.25
4,DGS,weekend,average,hierarchical,6,1.23,0.46,0.71,0.69,153.6,1616.92,3954.71,0.27
5,DGS,weekend,average,hierarchical,7,1.2,0.44,0.74,0.61,150.21,1436.17,4135.46,0.28
6,DGS,weekend,average,hierarchical,8,1.16,0.42,0.77,0.56,145.7,1305.19,4266.44,0.29
7,DGS,weekend,average,hierarchical,9,1.31,0.41,0.78,1.6,136.02,1238.43,4333.2,0.22
8,DGS,weekend,average,hierarchical,10,1.34,0.4,0.79,1.52,128,1181.42,4390.21,0.21
0,DGS,weekend,median,kshape,2,1.49,0.79,0.23,0.55,83.82,4157.64,1244.66,0.31
1,DGS,weekend,median,kshape,3,2.11,0.76,0.28,1.02,55.33,3868.07,1534.23,0.19
2,DGS,weekend,median,kshape,4,2.19,0.71,0.38,1.21,57.23,3339.71,2062.59,0.2
3,DGS,weekend,median,kshape,5,2.02,0.66,0.46,1.9,59.43,2907.29,2495.01,0.18
4,DGS,weekend,median,kshape,6,2.87,0.65,0.48,5.23,51.19,2803,2599.3,0.08
5,DGS,weekend,median,kshape,7,2.82,0.67,0.45,5.69,37.6,2967.8,2434.5,0.01
6,DGS,weekend,median,kshape,8,2.51,0.62,0.53,3.88,44.3,2534.11,2868.19,0.06
7,DGS,weekend,median,kshape,9,3.34,0.63,0.51,4.72,36.15,2623.44,2778.86,0.03
8,DGS,weekend,median,kshape,10,2.14,0.61,0.55,2.15,36.4,2450.54,2951.76,0.07
0,DGS,weekend,median,kmeans,2,1.1,0.68,0.43,0.31,207.12,3105.3,2297,0.41
1,DGS,weekend,median,kmeans,3,1.19,0.6,0.55,0.36,168.89,2443.7,2958.6,0.36
2,DGS,weekend,median,kmeans,4,1.34,0.56,0.61,0.85,144.9,2107.28,3295.02,0.25
3,DGS,weekend,median,kmeans,5,1.33,0.53,0.65,0.73,129.55,1881.8,3520.5,0.25
4,DGS,weekend,median,kmeans,6,1.37,0.51,0.68,0.7,117.76,1724.18,3678.12,0.25
5,DGS,weekend,median,kmeans,7,1.38,0.5,0.7,0.65,106.01,1630.71,3771.59,0.25
6,DGS,weekend,median,kmeans,8,1.45,0.49,0.71,1.01,96.83,1555.12,3847.18,0.22
7,DGS,weekend,median,kmeans,9,1.5,0.47,0.73,1.1,91.09,1472.28,3930.02,0.19
8,DGS,weekend,median,kmeans,10,1.51,0.47,0.74,1.28,85.14,1415.29,3987.01,0.21
0,DGS,weekend,median,hierarchical,2,1.11,0.69,0.41,0.31,198.02,3164.36,2237.94,0.4
1,DGS,weekend,median,hierarchical,3,1.2,0.64,0.5,0.44,139.47,2701.4,2700.9,0.36
2,DGS,weekend,median,hierarchical,4,1.48,0.59,0.57,0.99,122.33,2328.51,3073.79,0.2
3,DGS,weekend,median,hierarchical,5,1.35,0.55,0.63,0.76,118.63,1991.27,3411.03,0.22
4,DGS,weekend,median,hierarchical,6,1.48,0.52,0.66,0.69,108.45,1822.22,3580.08,0.22
5,DGS,weekend,median,hierarchical,7,1.43,0.51,0.68,0.73,99.27,1706.44,3695.86,0.22
6,DGS,weekend,median,hierarchical,8,1.43,0.5,0.7,0.95,91.87,1614.01,3788.29,0.2
7,DGS,weekend,median,hierarchical,9,1.45,0.48,0.71,0.9,85.6,1539.79,3862.51,0.19
8,DGS,weekend,median,hierarchical,10,1.48,0.47,0.73,0.86,81.12,1466.44,3935.86,0.19
0,DGS,fullweek,average,kshape,2,1.56,0.73,0.19,0.53,76.77,4088.82,987.05,0.36
1,DGS,fullweek,average,kshape,3,1.38,0.6,0.45,0.58,131.51,2774.12,2301.75,0.32
2,DGS,fullweek,average,kshape,4,1.12,0.54,0.57,0.41,137.09,2205.45,2870.42,0.34
3,DGS,fullweek,average,kshape,5,1.53,0.56,0.53,0.51,89.6,2374.31,2701.56,0.27
4,DGS,fullweek,average,kshape,6,2.25,0.53,0.59,2.4,89.9,2087.48,2988.4,0.27
5,DGS,fullweek,average,kshape,7,2.07,0.48,0.66,1.26,102.31,1714.17,3361.7,0.25
6,DGS,fullweek,average,kshape,8,1.89,0.48,0.66,3.98,86.88,1721.11,3354.76,0.14
7,DGS,fullweek,average,kshape,9,2.24,0.5,0.64,1.38,68.26,1841.9,3233.97,0.24
8,DGS,fullweek,average,kshape,10,1.85,0.46,0.69,1.2,75.23,1594.14,3481.73,0.28
0,DGS,fullweek,average,kmeans,2,1.06,0.61,0.43,0.27,243.25,2875.93,2199.94,0.46
1,DGS,fullweek,average,kmeans,3,0.99,0.52,0.6,0.29,235.92,2039.76,3036.11,0.42
2,DGS,fullweek,average,kmeans,4,1.11,0.47,0.67,0.49,217.99,1653.63,3422.24,0.34
3,DGS,fullweek,average,kmeans,5,1,0.43,0.72,0.43,202.21,1422.69,3653.18,0.36
4,DGS,fullweek,average,kmeans,6,1.02,0.4,0.76,0.35,196.03,1231.55,3844.32,0.38
5,DGS,fullweek,average,kmeans,7,1.07,0.39,0.77,0.42,179.19,1144.53,3931.34,0.35
6,DGS,fullweek,average,kmeans,8,1.25,0.38,0.79,1.19,170.08,1053.98,4021.89,0.26
7,DGS,fullweek,average,kmeans,9,1.29,0.37,0.8,1.23,158.77,998.36,4077.51,0.26
8,DGS,fullweek,average,kmeans,10,1.26,0.36,0.81,1.26,149.73,949.3,4126.57,0.26
0,DGS,fullweek,average,hierarchical,2,1.22,0.68,0.3,0.56,138.22,3538.02,1537.85,0.29
1,DGS,fullweek,average,hierarchical,3,1.05,0.56,0.54,0.42,184.15,2347.95,2727.92,0.34
2,DGS,fullweek,average,hierarchical,4,1.16,0.49,0.64,0.53,186.91,1829.52,3246.35,0.33
3,DGS,fullweek,average,hierarchical,5,1,0.46,0.69,0.46,173.84,1582.49,3493.38,0.34
4,DGS,fullweek,average,hierarchical,6,1.01,0.42,0.74,0.36,174.29,1344.48,3731.39,0.37
5,DGS,fullweek,average,hierarchical,7,1.13,0.4,0.76,0.52,163.53,1227.64,3848.23,0.34
6,DGS,fullweek,average,hierarchical,8,1.23,0.39,0.77,0.57,150.05,1162.43,3913.44,0.33
7,DGS,fullweek,average,hierarchical,9,1.4,0.38,0.78,1.85,140.19,1101.96,3973.91,0.22
8,DGS,fullweek,average,hierarchical,10,1.37,0.37,0.79,1.76,132.88,1044.86,4031.01,0.22
0,DGS,fullweek,median,kshape,2,1.49,0.75,0.19,0.51,67.02,3819.9,914.29,0.35
1,DGS,fullweek,median,kshape,3,2.28,0.7,0.3,2.51,61.17,3291.11,1443.08,0.13
2,DGS,fullweek,median,kshape,4,1.99,0.58,0.52,1.31,101.11,2263.95,2470.25,0.31
3,DGS,fullweek,median,kshape,5,2.51,0.64,0.43,1.92,52.43,2694.33,2039.87,0.11
4,DGS,fullweek,median,kshape,6,1.72,0.54,0.59,1.94,80.93,1919.71,2814.49,0.14
5,DGS,fullweek,median,kshape,7,1.81,0.52,0.62,4.81,74.54,1802.66,2931.53,0.13
6,DGS,fullweek,median,kshape,8,2.24,0.5,0.65,2.82,72.8,1655.36,3078.84,0.1
7,DGS,fullweek,median,kshape,9,2.05,0.55,0.58,4.58,46.32,2008.36,2725.84,0.02
8,DGS,fullweek,median,kshape,10,2.03,0.5,0.66,2.43,58.4,1614.4,3119.79,0.09
0,DGS,fullweek,median,kmeans,2,1.1,0.63,0.43,0.3,209.64,2707.22,2026.98,0.43
1,DGS,fullweek,median,kmeans,3,1.17,0.55,0.57,0.29,182.77,2049.31,2684.89,0.41
2,DGS,fullweek,median,kmeans,4,1.27,0.51,0.63,0.51,160.06,1735.9,2998.29,0.33
3,DGS,fullweek,median,kmeans,5,1.16,0.48,0.68,0.45,148.29,1507.03,3227.16,0.35
4,DGS,fullweek,median,kmeans,6,1.1,0.44,0.73,0.38,146.32,1296.75,3437.45,0.36
5,DGS,fullweek,median,kmeans,7,1.28,0.43,0.74,0.49,133.73,1208.41,3525.78,0.33
6,DGS,fullweek,median,kmeans,8,1.44,0.42,0.76,1.71,123.27,1140.95,3593.25,0.22
7,DGS,fullweek,median,kmeans,9,1.44,0.41,0.77,1.61,114.89,1084.14,3650.06,0.22
8,DGS,fullweek,median,kmeans,10,1.46,0.4,0.78,1.7,105.99,1050.37,3683.83,0.23
0,DGS,fullweek,median,hierarchical,2,1.1,0.65,0.41,0.29,193.2,2801.28,1932.92,0.44
1,DGS,fullweek,median,hierarchical,3,1.29,0.57,0.53,0.66,159.45,2209.1,2525.09,0.31
2,DGS,fullweek,median,hierarchical,4,1.28,0.52,0.63,0.53,154.62,1774.07,2960.13,0.32
3,DGS,fullweek,median,hierarchical,5,1.3,0.49,0.67,0.6,138.51,1577.99,3156.21,0.32
4,DGS,fullweek,median,hierarchical,6,1.16,0.46,0.71,0.52,133.85,1382.31,3351.89,0.34
5,DGS,fullweek,median,hierarchical,7,1.25,0.44,0.73,0.68,123.57,1280.85,3453.35,0.3
6,DGS,fullweek,median,hierarchical,8,1.47,0.43,0.74,0.65,113.99,1210.1,3524.1,0.31
7,DGS,fullweek,median,hierarchical,9,1.4,0.42,0.76,0.53,106.14,1151.74,3582.45,0.3
8,DGS,fullweek,median,hierarchical,10,1.47,0.41,0.77,1.65,100.63,1093.46,3640.74,0.19
0,BDG-DGS,weekday,average,kshape,2,1.27,0.78,0.2,0.43,174.83,9936.88,2536.11,0.36
1,BDG-DGS,weekday,average,kshape,3,0.95,0.56,0.59,0.26,484.65,5160.29,7312.71,0.43
2,BDG-DGS,weekday,average,kshape,4,2.01,0.54,0.61,2.06,358.19,4847.1,7625.9,0.32
3,BDG-DGS,weekday,average,kshape,5,1.79,0.64,0.46,0.87,144.41,6753.09,5719.9,0.24
4,BDG-DGS,weekday,average,kshape,6,2.21,0.52,0.65,1.51,252.73,4367.9,8105.1,0.3
5,BDG-DGS,weekday,average,kshape,7,2.09,0.5,0.67,4.59,231.08,4104.39,8368.6,0.11
6,BDG-DGS,weekday,average,kshape,8,2.43,0.51,0.66,2.69,184.67,4295.37,8177.63,0.27
7,BDG-DGS,weekday,average,kshape,9,2.81,0.54,0.62,2.89,139.86,4706.35,7766.65,0.12
8,BDG-DGS,weekday,average,kshape,10,2.47,0.52,0.65,3.22,137.68,4407.02,8065.98,0.15
0,BDG-DGS,weekday,average,kmeans,2,0.9,0.61,0.5,0.25,690.8,6210.2,6262.8,0.47
1,BDG-DGS,weekday,average,kmeans,3,0.89,0.51,0.66,0.18,675.62,4191.92,8281.08,0.48
2,BDG-DGS,weekday,average,kmeans,4,1.03,0.45,0.73,0.34,626.46,3324.67,9148.33,0.43
3,BDG-DGS,weekday,average,kmeans,5,1.14,0.42,0.76,0.45,550.63,2949.03,9523.97,0.39
4,BDG-DGS,weekday,average,kmeans,6,1.11,0.4,0.79,0.37,498.38,2677.09,9795.9,0.37
5,BDG-DGS,weekday,average,kmeans,7,1.17,0.39,0.81,0.33,469.07,2427.18,10045.82,0.38
6,BDG-DGS,weekday,average,kmeans,8,1.17,0.37,0.82,0.35,434.96,2274.38,10198.62,0.38
7,BDG-DGS,weekday,average,kmeans,9,1.34,0.36,0.83,1.65,407.72,2146.49,10326.51,0.25
8,BDG-DGS,weekday,average,kmeans,10,1.36,0.35,0.84,1.54,383.81,2043.95,10429.05,0.24
0,BDG-DGS,weekday,average,hierarchical,2,0.89,0.66,0.43,0.32,517.13,7107.36,5365.63,0.41
1,BDG-DGS,weekday,average,hierarchical,3,0.9,0.54,0.62,0.22,558.39,4737.71,7735.29,0.44
2,BDG-DGS,weekday,average,hierarchical,4,1.04,0.47,0.7,0.36,541.05,3694.06,8778.93,0.38
3,BDG-DGS,weekday,average,hierarchical,5,1.23,0.44,0.74,0.51,488.56,3226.77,9246.23,0.4
4,BDG-DGS,weekday,average,hierarchical,6,1.17,0.42,0.77,0.49,452.98,2883.36,9589.64,0.35
5,BDG-DGS,weekday,average,hierarchical,7,1.17,0.4,0.79,0.45,417.72,2661.89,9811.1,0.36
6,BDG-DGS,weekday,average,hierarchical,8,1.13,0.39,0.8,0.41,398.61,2441.17,10031.82,0.36
7,BDG-DGS,weekday,average,hierarchical,9,1.16,0.38,0.81,0.66,372.24,2313.15,10159.84,0.35
8,BDG-DGS,weekday,average,hierarchical,10,1.27,0.37,0.82,0.63,350.51,2203.83,10269.16,0.34
0,BDG-DGS,weekday,median,kshape,2,5.72,0.88,0.03,8.67,18.65,12061,346.58,0.05
1,BDG-DGS,weekday,median,kshape,3,1.7,0.7,0.39,0.68,205.59,7590.83,4816.75,0.24
2,BDG-DGS,weekday,median,kshape,4,1.91,0.57,0.59,1.56,308.69,5103.19,7304.4,0.31
3,BDG-DGS,weekday,median,kshape,5,2.01,0.59,0.57,1.55,214.99,5322.4,7085.18,0.31
4,BDG-DGS,weekday,median,kshape,6,2.36,0.6,0.56,1.81,162.02,5499.92,6907.66,0.12
5,BDG-DGS,weekday,median,kshape,7,2.83,0.57,0.6,5.78,158.67,5006.43,7401.16,0.11
6,BDG-DGS,weekday,median,kshape,8,2.87,0.56,0.61,5.77,146.16,4788.37,7619.22,0.12
7,BDG-DGS,weekday,median,kshape,9,2.29,0.54,0.64,6.3,140.28,4515.09,7892.5,0.07
8,BDG-DGS,weekday,median,kshape,10,3.84,0.58,0.59,12.58,101.16,5126.3,7281.28,0.05
0,BDG-DGS,weekday,median,kmeans,2,0.92,0.64,0.49,0.26,613.8,6376.71,6030.87,0.45
1,BDG-DGS,weekday,median,kmeans,3,0.91,0.54,0.64,0.21,572.22,4485.56,7922.03,0.46
2,BDG-DGS,weekday,median,kmeans,4,1.09,0.48,0.71,0.24,528.62,3595.27,8812.32,0.41
3,BDG-DGS,weekday,median,kmeans,5,1.17,0.45,0.74,0.38,467.04,3188.08,9219.5,0.4
4,BDG-DGS,weekday,median,kmeans,6,1.2,0.43,0.77,0.44,424.67,2890.83,9516.75,0.38
5,BDG-DGS,weekday,median,kmeans,7,1.18,0.41,0.79,0.39,396.45,2643.51,9764.07,0.36
6,BDG-DGS,weekday,median,kmeans,8,1.21,0.4,0.8,0.42,370.48,2465.16,9942.42,0.38
7,BDG-DGS,weekday,median,kmeans,9,1.35,0.39,0.81,1.73,345.95,2336.27,10071.32,0.25
8,BDG-DGS,weekday,median,kmeans,10,1.38,0.38,0.82,1.42,324.26,2234.47,10173.12,0.24
0,BDG-DGS,weekday,median,hierarchical,2,0.91,0.68,0.42,0.32,478.67,7140.88,5266.7,0.4
1,BDG-DGS,weekday,median,hierarchical,3,0.98,0.56,0.6,0.23,486.61,4959.28,7448.3,0.42
2,BDG-DGS,weekday,median,hierarchical,4,1.13,0.5,0.69,0.39,487.47,3805.66,8601.92,0.39
3,BDG-DGS,weekday,median,hierarchical,5,1.21,0.47,0.73,0.55,435.92,3354.11,9053.47,0.35
4,BDG-DGS,weekday,median,hierarchical,6,1.2,0.44,0.75,0.5,397.53,3039.86,9367.72,0.36
5,BDG-DGS,weekday,median,hierarchical,7,1.23,0.43,0.77,0.62,369.34,2793.84,9613.74,0.37
6,BDG-DGS,weekday,median,hierarchical,8,1.32,0.41,0.79,0.58,346.53,2599.83,9807.76,0.37
7,BDG-DGS,weekday,median,hierarchical,9,1.42,0.4,0.8,1.72,319.7,2489.58,9918,0.22
8,BDG-DGS,weekday,median,hierarchical,10,1.47,0.39,0.81,1.65,298.85,2387.91,10019.67,0.2
0,BDG-DGS,weekend,average,kshape,2,1.67,0.84,0.24,0.72,215.64,11735.67,3689.06,0.26
1,BDG-DGS,weekend,average,kshape,3,1.61,0.77,0.37,0.72,202.1,9700.69,5724.04,0.22
2,BDG-DGS,weekend,average,kshape,4,2.22,0.71,0.46,1.4,191.76,8378.3,7046.43,0.22
3,BDG-DGS,weekend,average,kshape,5,2.63,0.71,0.47,3.83,148.82,8241.71,7183.02,0.11
4,BDG-DGS,weekend,average,kshape,6,2.83,0.71,0.47,3.54,119.3,8228.08,7196.65,0.09
5,BDG-DGS,weekend,average,kshape,7,4.16,0.73,0.43,7.4,86.69,8745.09,6679.64,0.07
6,BDG-DGS,weekend,average,kshape,8,3.63,0.66,0.54,7.67,115.37,7050.72,8374.02,0.11
7,BDG-DGS,weekend,average,kshape,9,2.59,0.62,0.6,2.7,126.75,6186.3,9238.43,0.13
8,BDG-DGS,weekend,average,kshape,10,3.23,0.63,0.58,4.65,102.54,6532.84,8891.89,0.1
0,BDG-DGS,weekend,average,kmeans,2,1.1,0.74,0.42,0.34,501.22,8912.7,6512.04,0.38
1,BDG-DGS,weekend,average,kmeans,3,1.12,0.63,0.57,0.36,461.44,6571.32,8853.42,0.36
2,BDG-DGS,weekend,average,kmeans,4,1.15,0.58,0.64,0.35,406.45,5543.09,9881.64,0.34
3,BDG-DGS,weekend,average,kmeans,5,1.29,0.55,0.68,0.59,360.27,4959.88,10464.85,0.27
4,BDG-DGS,weekend,average,kmeans,6,1.29,0.52,0.71,0.65,330.62,4505.05,10919.69,0.26
5,BDG-DGS,weekend,average,kmeans,7,1.33,0.51,0.73,0.66,301.91,4214.4,11210.33,0.23
6,BDG-DGS,weekend,average,kmeans,8,1.3,0.49,0.74,0.64,279.2,3981.49,11443.24,0.24
7,BDG-DGS,weekend,average,kmeans,9,1.34,0.48,0.76,0.65,262.74,3766.14,11658.6,0.24
8,BDG-DGS,weekend,average,kmeans,10,1.42,0.47,0.77,0.63,248.26,3590.93,11833.8,0.25
0,BDG-DGS,weekend,average,hierarchical,2,1.13,0.75,0.4,0.37,463.88,9202.13,6222.6,0.37
1,BDG-DGS,weekend,average,hierarchical,3,1.15,0.65,0.55,0.41,417.16,6954.43,8470.3,0.34
2,BDG-DGS,weekend,average,hierarchical,4,1.37,0.61,0.6,0.9,343.45,6154.27,9270.46,0.24
3,BDG-DGS,weekend,average,hierarchical,5,1.36,0.57,0.65,0.79,316.23,5408.39,10016.34,0.22
4,BDG-DGS,weekend,average,hierarchical,6,1.43,0.55,0.68,0.72,290.13,4932.69,10492.04,0.2
5,BDG-DGS,weekend,average,hierarchical,7,1.55,0.53,0.7,1.04,269.78,4567.72,10857.01,0.19
6,BDG-DGS,weekend,average,hierarchical,8,1.45,0.52,0.72,0.98,248.62,4333.6,11091.13,0.2
7,BDG-DGS,weekend,average,hierarchical,9,1.39,0.5,0.73,0.93,234.23,4102.7,11322.03,0.21
8,BDG-DGS,weekend,average,hierarchical,10,1.49,0.49,0.75,0.89,220.75,3924.53,11500.2,0.21
0,BDG-DGS,weekend,median,kshape,2,1.73,0.86,0.23,0.79,189.37,11421.14,3337.64,0.23
1,BDG-DGS,weekend,median,kshape,3,2.77,0.83,0.28,2.47,127.58,10584.61,4174.17,0.15
2,BDG-DGS,weekend,median,kshape,4,3.18,0.8,0.32,3.32,102.58,9996.47,4762.32,0.11
3,BDG-DGS,weekend,median,kshape,5,2.33,0.72,0.46,1.86,139.07,7924.41,6834.38,0.11
4,BDG-DGS,weekend,median,kshape,6,2.95,0.74,0.43,3.14,97.17,8412.37,6346.41,0.03
5,BDG-DGS,weekend,median,kshape,7,2.68,0.68,0.52,1.72,116.85,7060.42,7698.36,0.11
6,BDG-DGS,weekend,median,kshape,8,3.6,0.7,0.48,8.86,86.22,7607.08,7151.7,0.04
7,BDG-DGS,weekend,median,kshape,9,3.48,0.66,0.54,7.17,93.8,6799.07,7959.72,0.07
8,BDG-DGS,weekend,median,kshape,10,3.32,0.67,0.53,4.41,78.85,6998.34,7760.44,-0.01
0,BDG-DGS,weekend,median,kmeans,2,1.16,0.76,0.39,0.38,421.94,8938.56,5820.22,0.36
1,BDG-DGS,weekend,median,kmeans,3,1.23,0.67,0.53,0.44,371.35,6871.24,7887.55,0.32
2,BDG-DGS,weekend,median,kmeans,4,1.31,0.62,0.59,0.49,315.88,5982.67,8776.11,0.3
3,BDG-DGS,weekend,median,kmeans,5,1.46,0.59,0.63,0.75,273.99,5467.95,9290.83,0.23
4,BDG-DGS,weekend,median,kmeans,6,1.44,0.57,0.66,0.71,248.47,5038.62,9720.16,0.23
5,BDG-DGS,weekend,median,kmeans,7,1.52,0.56,0.68,0.8,225.48,4754.8,10003.98,0.19
6,BDG-DGS,weekend,median,kmeans,8,1.44,0.54,0.69,0.8,207.35,4526.05,10232.73,0.2
7,BDG-DGS,weekend,median,kmeans,9,1.58,0.53,0.71,0.76,193.88,4315.78,10443,0.21
8,BDG-DGS,weekend,median,kmeans,10,1.62,0.52,0.72,0.99,180.04,4178.83,10579.96,0.18
0,BDG-DGS,weekend,median,hierarchical,2,1.32,0.79,0.35,0.47,343.67,9644.02,5114.77,0.32
1,BDG-DGS,weekend,median,hierarchical,3,1.37,0.71,0.48,0.54,294.13,7730.35,7028.43,0.27
2,BDG-DGS,weekend,median,hierarchical,4,1.38,0.64,0.56,0.49,277.63,6446.82,8311.96,0.27
3,BDG-DGS,weekend,median,hierarchical,5,1.48,0.62,0.6,0.84,239.63,5936.58,8822.2,0.21
4,BDG-DGS,weekend,median,hierarchical,6,1.5,0.59,0.63,0.77,218.99,5465.81,9292.97,0.22
5,BDG-DGS,weekend,median,hierarchical,7,1.44,0.58,0.65,0.74,195.61,5223.77,9535.01,0.21
6,BDG-DGS,weekend,median,hierarchical,8,1.56,0.57,0.66,1.46,179.49,4991.08,9767.7,0.15
7,BDG-DGS,weekend,median,hierarchical,9,1.71,0.56,0.68,1.39,167.83,4769.19,9989.59,0.15
8,BDG-DGS,weekend,median,hierarchical,10,1.67,0.54,0.69,1.33,159.01,4560.78,10198,0.15
0,BDG-DGS,fullweek,average,kshape,2,1.85,0.81,0.15,0.78,121.09,10854.48,1916.01,0.28
1,BDG-DGS,fullweek,average,kshape,3,2.87,0.78,0.21,3.06,92.96,10044.34,2726.16,0.28
2,BDG-DGS,fullweek,average,kshape,4,3.06,0.75,0.28,5.33,89.99,9156.48,3614.01,0.05
3,BDG-DGS,fullweek,average,kshape,5,2.15,0.59,0.55,1.8,210.17,5724.44,7046.05,0.15
4,BDG-DGS,fullweek,average,kshape,6,3.39,0.57,0.58,4.11,186.28,5398.17,7372.32,0.25
5,BDG-DGS,fullweek,average,kshape,7,2.31,0.57,0.58,2.22,156.84,5361.59,7408.9,0.25
6,BDG-DGS,fullweek,average,kshape,8,3.26,0.51,0.67,4.44,194.03,4260.5,8509.99,0.26
7,BDG-DGS,fullweek,average,kshape,9,2.94,0.52,0.66,7.24,161.24,4403.97,8366.52,0.17
8,BDG-DGS,fullweek,average,kshape,10,3.41,0.52,0.65,4.79,139.54,4477.18,8293.31,0.26
0,BDG-DGS,fullweek,average,kmeans,2,0.89,0.62,0.51,0.24,708.74,6281.13,6489.36,0.47
1,BDG-DGS,fullweek,average,kmeans,3,0.92,0.51,0.66,0.2,678.01,4286.01,8484.48,0.47
2,BDG-DGS,fullweek,average,kmeans,4,1.03,0.46,0.73,0.32,621.27,3428.45,9342.04,0.42
3,BDG-DGS,fullweek,average,kmeans,5,1.19,0.43,0.76,0.47,543.24,3054.07,9716.43,0.37
4,BDG-DGS,fullweek,average,kmeans,6,1.12,0.41,0.78,0.4,497.11,2749.58,10020.91,0.36
5,BDG-DGS,fullweek,average,kmeans,7,1.12,0.39,0.81,0.37,475.75,2459.84,10310.65,0.36
6,BDG-DGS,fullweek,average,kmeans,8,1.29,0.38,0.82,1.71,435.07,2330.93,10439.56,0.24
7,BDG-DGS,fullweek,average,kmeans,9,1.27,0.37,0.83,1.55,414.26,2171.54,10598.95,0.25
8,BDG-DGS,fullweek,average,kmeans,10,1.32,0.36,0.84,1.56,386.24,2084.28,10686.22,0.22
0,BDG-DGS,fullweek,average,hierarchical,2,0.88,0.66,0.44,0.3,545.69,7112.63,5657.86,0.42
1,BDG-DGS,fullweek,average,hierarchical,3,0.95,0.54,0.63,0.22,575.62,4763.95,8006.54,0.44
2,BDG-DGS,fullweek,average,hierarchical,4,1.05,0.48,0.7,0.38,532.9,3826.61,8943.88,0.38
3,BDG-DGS,fullweek,average,hierarchical,5,1.23,0.45,0.74,0.54,474.82,3377.75,9392.75,0.39
4,BDG-DGS,fullweek,average,hierarchical,6,1.17,0.43,0.76,0.47,438.02,3032.47,9738.03,0.34
5,BDG-DGS,fullweek,average,hierarchical,7,1.15,0.41,0.79,0.42,423.33,2700.01,10070.48,0.35
6,BDG-DGS,fullweek,average,hierarchical,8,1.17,0.39,0.8,0.4,399.24,2499.21,10271.28,0.36
7,BDG-DGS,fullweek,average,hierarchical,9,1.29,0.38,0.81,0.38,371.83,2373.3,10397.2,0.36
8,BDG-DGS,fullweek,average,hierarchical,10,1.43,0.37,0.82,1.91,351.59,2253.41,10517.08,0.22
0,BDG-DGS,fullweek,median,kshape,2,1.58,0.82,0.18,0.65,140.38,10376.23,2247.9,0.28
1,BDG-DGS,fullweek,median,kshape,3,1.55,0.74,0.32,0.92,150.75,8611.37,4012.76,0.2
2,BDG-DGS,fullweek,median,kshape,4,1.82,0.6,0.56,1.45,277.58,5514.99,7109.14,0.28
3,BDG-DGS,fullweek,median,kshape,5,1.84,0.58,0.59,1.12,232.29,5172.68,7451.45,0.26
4,BDG-DGS,fullweek,median,kshape,6,1.92,0.6,0.56,3.6,165.9,5517.37,7106.77,0.1
5,BDG-DGS,fullweek,median,kshape,7,2.57,0.61,0.55,2.41,129.25,5722.39,6901.74,0.17
6,BDG-DGS,fullweek,median,kshape,8,3.28,0.61,0.55,4.19,111.78,5689.77,6934.36,0.02
7,BDG-DGS,fullweek,median,kshape,9,2.38,0.54,0.65,4.2,147.64,4440.95,8183.18,0.13
8,BDG-DGS,fullweek,median,kshape,10,3.27,0.57,0.61,10.81,109.75,4963.51,7660.62,0.18
0,BDG-DGS,fullweek,median,kmeans,2,0.93,0.65,0.49,0.26,615.02,6476.88,6147.25,0.45
1,BDG-DGS,fullweek,median,kmeans,3,0.96,0.54,0.64,0.22,573.8,4551.34,8072.8,0.46
2,BDG-DGS,fullweek,median,kmeans,4,1.09,0.49,0.71,0.36,525.55,3669.14,8955,0.4
3,BDG-DGS,fullweek,median,kmeans,5,1.14,0.46,0.74,0.4,464.48,3253.23,9370.91,0.39
4,BDG-DGS,fullweek,median,kmeans,6,1.22,0.44,0.77,0.43,422.46,2949.59,9674.54,0.37
5,BDG-DGS,fullweek,median,kmeans,7,1.17,0.42,0.79,0.4,398.96,2673.01,9951.12,0.35
6,BDG-DGS,fullweek,median,kmeans,8,1.19,0.4,0.8,0.4,375.08,2480.34,10143.79,0.36
7,BDG-DGS,fullweek,median,kmeans,9,1.33,0.39,0.81,1.48,352.12,2340.14,10284,0.26
8,BDG-DGS,fullweek,median,kmeans,10,1.34,0.38,0.82,1.34,330.98,2232.63,10391.51,0.24
0,BDG-DGS,fullweek,median,hierarchical,2,0.92,0.68,0.43,0.32,482.87,7233.77,5390.37,0.4
1,BDG-DGS,fullweek,median,hierarchical,3,1.03,0.57,0.6,0.25,494.01,4995.54,7628.59,0.41
2,BDG-DGS,fullweek,median,hierarchical,4,1.13,0.5,0.69,0.39,478.54,3917.72,8706.42,0.37
3,BDG-DGS,fullweek,median,hierarchical,5,1.21,0.47,0.73,0.49,430.16,3442.04,9182.1,0.37
4,BDG-DGS,fullweek,median,hierarchical,6,1.18,0.45,0.76,0.44,397.4,3090.05,9534.08,0.38
5,BDG-DGS,fullweek,median,hierarchical,7,1.26,0.43,0.77,0.43,361.12,2888.99,9735.14,0.37
6,BDG-DGS,fullweek,median,hierarchical,8,1.25,0.42,0.78,0.43,334.02,2719.57,9904.56,0.37
7,BDG-DGS,fullweek,median,hierarchical,9,1.37,0.41,0.8,1.53,315.21,2558.63,10065.51,0.22
8,BDG-DGS,fullweek,median,hierarchical,10,1.34,0.4,0.81,1.43,302.75,2401.21,10222.92,0.21
